Mine,Qingdao Freight,Actual Port Freight,Freight Differential
West Kalimantan Generic,6.447004652203899,6.447004652203899,0.0
West Kalimantan Generic,5.959662860351434,5.959662860351434,0.0
West Kalimantan Generic,6.447004652203899,6.447004652203899,0.0
West Kalimantan Generic,5.959662860351434,5.959662860351434,0.0
West Kalimantan Generic,6.447004652203899,6.447004652203899,0.0
West Kalimantan Generic,5.959662860351434,5.959662860351434,0.0
West Kalimantan Generic,6.447004652203899,6.447004652203899,0.0
West Kalimantan Generic,5.959662860351434,5.959662860351434,0.0
