Mine,Total Alumina,LT Avail. Alumina,Total Silica,LT R.Silica,Quartz / HT Silica,Mono-hydrate / HT Extble Alumina,Moisture,Processing,Cargo Tonnage,Double Leg Shipping? (South America special transload leg),Exporting Port,South America special transloading Port,South america special transloading cargo tonnage,Importing Port,Specific Index,General Index,Price Type,Price Basis,Price FOB,Freight (adjusted to Qingdao),Price CIF (Port adjustyed to Qingdao),"Processing Penalties to be applied (for organics, goehtite, impurities, crushing etc)",EXPLANITORY NOTES RECORD (on changes made to final spec etc),Old CBIX type Calc,INDEX VALUE  Guinea 45/3 LT,INDEX VALUE  Indonesian LT,INDEX VALUE  Australia HT,CBIX LT,CBIX HT,Old CBIX
West Kalimantan Generic,0.48,0.44000000000000006,0.08,0.09,0.045,0.005,0.15000000000000002,LT,50000.0,No,West_Kal_Generic_Offshore,0,0,Qingdao,Indonesian LT,CBIX LT,CIF,dmt,29.676878009536498,6.447004652203899,36.123882661740396,0.33,,CBIX,0,51.51348583849934,0,46.62060798498506,0,46.28310798498505
West Kalimantan Generic,0.48,0.44000000000000006,0.08,0.09,0.045,0.005,0.05,LT,50000.0,No,West_Kal_Generic_Offshore,0,0,Qingdao,Indonesian LT,CBIX LT,CIF,dmt,30.16421980138896,5.959662860351434,36.123882661740396,0.33,,CBIX,0,48.17761654700249,0,46.62060798498506,0,46.28310798498505
West Kalimantan Generic,0.48,0.5,0.08,0.03,0.045,0.005,0.15000000000000002,LT,50000.0,No,West_Kal_Generic_Offshore,0,0,Qingdao,Indonesian LT,CBIX LT,CIF,dmt,49.270212121895895,6.447004652203899,55.717216774099796,0.33,,CBIX,0,35.62473224626956,0,44.96336213549309,0,44.66636213549309
West Kalimantan Generic,0.48,0.5,0.08,0.03,0.045,0.005,0.05,LT,50000.0,No,West_Kal_Generic_Offshore,0,0,Qingdao,Indonesian LT,CBIX LT,CIF,dmt,49.75755391374836,5.959662860351434,55.717216774099796,0.33,,CBIX,0,43.595308426393785,0,44.96336213549309,0,44.66636213549309
West Kalimantan Generic,0.48,0.33999999999999997,0.08,0.09,0.045,0.005,0.15000000000000002,LT,50000.0,No,West_Kal_Generic_Offshore,0,0,Qingdao,Indonesian LT,CBIX LT,CIF,dmt,16.514470948498303,6.447004652203899,22.9614756007022,0.33,,CBIX,0,53.22941001511966,0,47.38986453568652,0,46.95309982980415
West Kalimantan Generic,0.48,0.33999999999999997,0.08,0.09,0.045,0.005,0.05,LT,50000.0,No,West_Kal_Generic_Offshore,0,0,Qingdao,Indonesian LT,CBIX LT,CIF,dmt,17.001812740350765,5.959662860351434,22.9614756007022,0.33,,CBIX,0,48.92977850768837,0,47.38986453568652,0,46.95309982980415
West Kalimantan Generic,0.48,0.4,0.08,0.03,0.045,0.005,0.15000000000000002,LT,50000.0,No,West_Kal_Generic_Offshore,0,0,Qingdao,Indonesian LT,CBIX LT,CIF,dmt,36.1078050608577,6.447004652203899,42.5548097130616,0.33,,CBIX,0,51.091063016082146,0,45.20291874121633,0,44.83166874121632
West Kalimantan Generic,0.48,0.4,0.08,0.03,0.045,0.005,0.05,LT,50000.0,No,West_Kal_Generic_Offshore,0,0,Qingdao,Indonesian LT,CBIX LT,CIF,dmt,36.595146852710165,5.959662860351434,42.5548097130616,0.33,,CBIX,0,43.82954155198984,0,45.20291874121633,0,44.83166874121632
