Mine,Date,Total Alumina,LT Avail. Alumina,Total Silica,LT R.Silica,Quartz / HT Silica,Mono-hydrate / HT Alumina,Moisture,Processing,Processing Penalties to be applied,Tonnage typical vessel,Exporting Port,Specific Index,General Index
West Kalimantan Generic,2020-04-13,0.48,0.44,0.08,0.035,0.045,0.005,0.15,LT,0.33,57000.0,West_Kal_Generic_Offshore,Indonesian LT,CBIX LT
West Kalimantan Generic,2020-04-13,0.48,0.44,0.08,0.035,0.045,0.005,0.15,LT,0.33,57000.0,West_Kal_Generic_Offshore,Indonesian LT,CBIX LT
West Kalimantan Generic,2020-04-13,0.48,0.44,0.08,0.035,0.045,0.005,0.15,LT,0.33,57000.0,West_Kal_Generic_Offshore,Indonesian LT,CBIX LT
West Kalimantan Generic,2020-04-13,0.48,0.44,0.08,0.035,0.045,0.005,0.15,LT,0.33,57000.0,West_Kal_Generic_Offshore,Indonesian LT,CBIX LT
West Kalimantan Generic,2020-04-13,0.48,0.44,0.08,0.035,0.045,0.005,0.15,LT,0.33,57000.0,West_Kal_Generic_Offshore,Indonesian LT,CBIX LT
West Kalimantan Generic,2020-04-13,0.48,0.44,0.08,0.035,0.045,0.005,0.15,LT,0.33,57000.0,West_Kal_Generic_Offshore,Indonesian LT,CBIX LT
West Kalimantan Generic,2020-04-13,0.48,0.44,0.08,0.035,0.045,0.005,0.15,LT,0.33,57000.0,West_Kal_Generic_Offshore,Indonesian LT,CBIX LT
West Kalimantan Generic,2020-04-13,0.48,0.44,0.08,0.035,0.045,0.005,0.15,LT,0.33,57000.0,West_Kal_Generic_Offshore,Indonesian LT,CBIX LT
