Mine,Calculated Index Price Equivalent,Total Alumina,LT Avail. Alumina,Total Silica,LT R.Silica,Quartz / HT Silica,Mono-hydrate / HT Alumina,Moisture,Processing,Processing Penalties
West Kalimantan Generic,51.51348583849934,0.48,0.44,0.08,0.035,0.045,0.005,0.15,LT,0.33
West Kalimantan Generic,48.17761654700249,0.48,0.44,0.08,0.035,0.045,0.005,0.15,LT,0.33
West Kalimantan Generic,35.62473224626956,0.48,0.44,0.08,0.035,0.045,0.005,0.15,LT,0.33
West Kalimantan Generic,43.595308426393785,0.48,0.44,0.08,0.035,0.045,0.005,0.15,LT,0.33
West Kalimantan Generic,53.22941001511966,0.48,0.44,0.08,0.035,0.045,0.005,0.15,LT,0.33
West Kalimantan Generic,48.92977850768837,0.48,0.44,0.08,0.035,0.045,0.005,0.15,LT,0.33
West Kalimantan Generic,51.091063016082146,0.48,0.44,0.08,0.035,0.045,0.005,0.15,LT,0.33
West Kalimantan Generic,43.82954155198984,0.48,0.44,0.08,0.035,0.045,0.005,0.15,LT,0.33
