Mine,HT Alumina Dissolution,DSP Al2O3:SiO2 (wt/wt),DSP NaOH:SiO2 (wt/wt),Lime rate (wt/wt_AA),Lig Coal (GJ/t),Quartz Attack,Extraction Efficiency %,Caustic wash loss (t.NaOH/t.aa)
West Kalimantan Generic,0,1.0,0.9,0.036,12.15,0.0,0.92,0.035
West Kalimantan Generic,0,1.0,0.9,0.036,12.15,0.0,0.92,0.035
Weipa/Amrun Generic,1,1.23,0.6,0.22,13.5,1.0,0.92,0.035
Malaysia Kuantan washed,0,1.0,0.9,0.036,12.15,0.0,0.92,0.035
Malaysia Kuantan washed,0,1.0,0.9,0.036,12.15,0.0,0.92,0.035
India Gujarat,0,1.0,0.9,0.036,12.15,0.0,0.92,0.035
India Gujarat,0,1.0,0.9,0.036,12.15,0.0,0.92,0.035
India Gujarat,0,1.0,0.9,0.036,12.15,0.0,0.92,0.035
SMB Generic,0,1.0,0.9,0.036,12.15,0.0,0.92,0.035
