Mine,Calculated Index Price Equivalent,Total Alumina,LT Avail. Alumina,Total Silica,LT R.Silica,Quartz / HT Silica,Mono-hydrate / HT Alumina,Moisture,Processing,Processing Penalties
West Kalimantan Generic,42.996694778408255,0.5,0.45,0.05,0.05,0.0,0.0,0.1,LT,0.0
West Kalimantan Generic,42.996694778408255,0.5,0.45,0.05,0.05,0.0,0.0,0.1,LT,0.0
Weipa/Amrun Generic,56.809248926905944,0.5,0.45,0.05,0.05,0.0,0.0,0.1,LT,0.0
Malaysia Kuantan washed,51.46613418937328,0.5,0.45,0.05,0.05,0.0,0.0,0.1,LT,0.0
Malaysia Kuantan washed,51.46613418937328,0.5,0.45,0.05,0.05,0.0,0.0,0.1,LT,0.0
India Gujarat,52.45232477155572,0.5,0.45,0.05,0.05,0.0,0.0,0.1,LT,0.0
India Gujarat,52.45232477155572,0.5,0.45,0.05,0.05,0.0,0.0,0.1,LT,0.0
India Gujarat,52.45232477155572,0.5,0.45,0.05,0.05,0.0,0.0,0.1,LT,0.0
SMB Generic,43.530534249345635,0.5,0.45,0.05,0.05,0.0,0.0,0.1,LT,0.0
