Mine,Amount per Capacity Tarrif Graduations - Tonnage Reference,Amount per Capacity Tarrif Graduations - 1st,Amount per Capacity Tarrif Graduations - 2nd,Amount per Capacity Tarrif Graduations - 3rd,Amount per Capacity Tarrif Graduations - 4th,Amount per Capacity Tarrif Graduations - 5th,Amount per Capacity Tarrif Graduations - 6th,Amount per Capacity Tarrif Graduations - 7th,Amount per Capacity Tarrif Graduations - 8th,Amount per Capacity Tarrif Graduations - 9th,Amounts per Cargo Tarrif Graduations - Tonnage Reference,Amounts per Cargo Tarrif Graduations - 1st,Amounts per Cargo Tarrif Graduations - 2nd,Amounts per Cargo Tarrif Graduations - 3rd,Amounts per Cargo Tarrif Graduations - 4th,Amounts per Cargo Tarrif Graduations - 5th,Amounts per Cargo Tarrif Graduations - 6th,Amounts per Cargo Tarrif Graduations - 7th,Amounts per Cargo Tarrif Graduations - 8th,Amounts per Cargo Tarrif Graduations - 9th
West Kalimantan Generic,92911.01055806939,92911.01055806939,0.0,0.0,0.0,0.0,0.0,0.0,0.0,0.0,90588.23529411765,90588.23529411765,0.0,0.0,0.0,0.0,0.0,0.0,0.0,0.0
West Kalimantan Generic,184615.38461538462,184615.38461538462,0.0,0.0,0.0,0.0,0.0,0.0,0.0,0.0,180000.0,180000.0,0.0,0.0,0.0,0.0,0.0,0.0,0.0,0.0
Weipa/Amrun Generic,91954.02298850575,91954.02298850575,0.0,0.0,0.0,0.0,0.0,0.0,0.0,0.0,89655.1724137931,89655.1724137931,0.0,0.0,0.0,0.0,0.0,0.0,0.0,0.0
Malaysia Kuantan washed,58078.46771702194,58078.46771702194,0.0,0.0,0.0,0.0,0.0,0.0,0.0,0.0,56626.50602409639,56626.50602409639,0.0,0.0,0.0,0.0,0.0,0.0,0.0,0.0
Malaysia Kuantan washed,92678.40593141799,92678.40593141799,0.0,0.0,0.0,0.0,0.0,0.0,0.0,0.0,90361.44578313254,90361.44578313254,0.0,0.0,0.0,0.0,0.0,0.0,0.0,0.0
India Gujarat,166528.811690102,166528.811690102,0.0,0.0,0.0,0.0,0.0,0.0,0.0,0.0,162365.59139784946,162365.59139784946,0.0,0.0,0.0,0.0,0.0,0.0,0.0,0.0
India Gujarat,83815.82575130963,83815.82575130963,0.0,0.0,0.0,0.0,0.0,0.0,0.0,0.0,81720.43010752689,81720.43010752689,0.0,0.0,0.0,0.0,0.0,0.0,0.0,0.0
India Gujarat,51833.47118830991,51833.47118830991,0.0,0.0,0.0,0.0,0.0,0.0,0.0,0.0,50537.634408602156,50537.634408602156,0.0,0.0,0.0,0.0,0.0,0.0,0.0,0.0
SMB Generic,172079.77207977208,172079.77207977208,0.0,0.0,0.0,0.0,0.0,0.0,0.0,0.0,167777.77777777778,167777.77777777778,0.0,0.0,0.0,0.0,0.0,0.0,0.0,0.0
