Mine,Handysize,Supramax loading rates,Panamax loading rates,NeoPanamax loading rate,Suezmax loading rate,Capesize loading rates,VLOC loading rates
West Kalimantan Generic,15000.0,15000.0,15000.0,15000.0,15000.0,15000.0,15000.0
West Kalimantan Generic,15000.0,15000.0,15000.0,15000.0,15000.0,15000.0,15000.0
Weipa/Amrun Generic,80000.0,80000.0,80000.0,80000.0,80000.0,40000.0,40000.0
Malaysia Kuantan washed,30000.0,30000.0,30000.0,30000.0,30000.0,30000.0,30000.0
Malaysia Kuantan washed,30000.0,30000.0,30000.0,30000.0,30000.0,30000.0,30000.0
India Gujarat,30000.0,30000.0,30000.0,30000.0,30000.0,30000.0,30000.0
India Gujarat,30000.0,30000.0,30000.0,30000.0,30000.0,30000.0,30000.0
India Gujarat,30000.0,30000.0,30000.0,30000.0,30000.0,30000.0,30000.0
SMB Generic,30000.0,30000.0,30000.0,30000.0,30000.0,30000.0,30000.0
