Mine,Round trip distance Main fuel,Round Trip Distance on Auxiliary fuel,Vessel Loading rate,Vessel Un-Loading rate,Vessel Speed,Main Engine Fuel burn rate,MDO / MGO burn rate,Days at Avg Speed Main Fuel,Days at Avg Speed Auxiliary Fuel,Days Loading,Days unloading,Extra Days due to Canal use,Lay days allowance (50% each port),Main Fuel HFO / VLSFO Fuel Price,Auxiliary Fuel (MDO / MGO / LNG) Price,Main Fuel Cost,Auxiliary Fuel Cost,FX rate per USD,Fixed fee,Berthing Charge,Anchorage Charge,Per T_Cargo (wet) Charge,RMB/T_Cargo (wet)/day berthed,RMB/T_Cargo (wet)/day anchored,RMB/NRT,RMB/NRT/day berthed,RMB/NRT/day anchored,RMB/GRT,RMB/GRT/day berthed,RMB/GRT/day anchored,RMB/LOA,RMB/LOA/day berthed,RMB/LOA/day anchored,Time Charter Rate,Time Charter Cost,Canal Costs,Total Cost for Leg - before Insurance & Commission,Total Cost for Leg - with Insurance & Commission,Per tonne cargo incl. Insurance & Commission
West Kalimantan Generic,0,0,0,0,11.0,0.0,1.2,0.0,0.0,0,0,0,0,0,0,0.0,0.0,0,0,0,0,0,0,0,0,0,0,0,0,0,0,0,0,0,0,0,0,0.0,0
West Kalimantan Generic,0,0,0,0,11.0,0.0,1.2,0.0,0.0,0,0,0,0,0,0,0.0,0.0,0,0,0,0,0,0,0,0,0,0,0,0,0,0,0,0,0,0,0,0,0.0,0
Weipa/Amrun Generic,0,0,0,0,11.0,0.0,1.2,0.0,0.0,0,0,0,0,0,0,0.0,0.0,0,0,0,0,0,0,0,0,0,0,0,0,0,0,0,0,0,0,0,0,0.0,0
Malaysia Kuantan washed,0,0,0,0,11.0,0.0,1.2,0.0,0.0,0,0,0,0,0,0,0.0,0.0,0,0,0,0,0,0,0,0,0,0,0,0,0,0,0,0,0,0,0,0,0.0,0
Malaysia Kuantan washed,0,0,0,0,11.0,0.0,1.2,0.0,0.0,0,0,0,0,0,0,0.0,0.0,0,0,0,0,0,0,0,0,0,0,0,0,0,0,0,0,0,0,0,0,0.0,0
India Gujarat,0,0,0,0,11.0,0.0,1.2,0.0,0.0,0,0,0,0,0,0,0.0,0.0,0,0,0,0,0,0,0,0,0,0,0,0,0,0,0,0,0,0,0,0,0.0,0
India Gujarat,0,0,0,0,11.0,0.0,1.2,0.0,0.0,0,0,0,0,0,0,0.0,0.0,0,0,0,0,0,0,0,0,0,0,0,0,0,0,0,0,0,0,0,0,0.0,0
India Gujarat,0,0,0,0,11.0,0.0,1.2,0.0,0.0,0,0,0,0,0,0,0.0,0.0,0,0,0,0,0,0,0,0,0,0,0,0,0,0,0,0,0,0,0,0,0.0,0
SMB Generic,0,0,0,0,11.0,0.0,1.2,0.0,0.0,0,0,0,0,0,0,0.0,0.0,0,0,0,0,0,0,0,0,0,0,0,0,0,0,0,0,0,0,0,0,0.0,0
