Mine,Vessel dwt,Vessel Class for timecharter & fuel burn rates,"Vessel Class for distance, canals, loading and unloading rates, fuel prices",Estimated LOA (length over all) (m),Estimated NRT (net register tons),Estimated GRT (gross register tons)
West Kalimantan Generic,92911.01055806939,Panamax,Panamax,227.00131221719454,37480.301659125194,53008.52337858221
West Kalimantan Generic,184615.38461538462,Capesize,Capesize,307.0592307692307,74473.84615384616,100593.92307692309
Weipa/Amrun Generic,91954.02298850575,Panamax,Panamax,226.16586206896548,37094.252873563215,52511.942528735635
Malaysia Kuantan washed,58078.46771702194,Supramax,Supramax,196.59250231696012,23428.853877046648,34933.91689836269
Malaysia Kuantan washed,92678.40593141799,Panamax,Panamax,226.79824837812788,37386.468952734016,52887.8248378128
India Gujarat,166528.811690102,Capesize,Capesize,291.269652605459,67177.72263578716,91208.80038599393
India Gujarat,83815.82575130963,Panamax,Panamax,219.06121588089326,33811.3041080783,48289.03198235457
India Gujarat,51833.47118830991,Supramax,Supramax,191.14062034739453,20909.622277364215,31693.38819961401
SMB Generic,172079.77207977208,Capesize,Capesize,296.11564102564097,69416.98005698006,94089.19373219374
