Mine,HSFO(180 / 380),VLSFO,LNG,MDO/MGO Regular,MDO/MGO Low Sulphur
West Kalimantan Generic,204.75,270.125,,290.125,286.625
West Kalimantan Generic,204.75,270.125,,290.125,286.625
Weipa/Amrun Generic,204.75,270.125,,290.125,286.625
Malaysia Kuantan washed,204.75,270.125,,290.125,286.625
Malaysia Kuantan washed,204.75,270.125,,290.125,286.625
India Gujarat,204.75,270.125,,290.125,286.625
India Gujarat,204.75,270.125,,290.125,286.625
India Gujarat,204.75,270.125,,290.125,286.625
SMB Generic,204.75,270.125,,290.125,286.625
