No,Ref .No.,Refiney Name,Province,Province category,Technology,Ownership,Owner,Bauxite,ref cell,ref cell row,column 1,2005,2006,2007,2008,2009,2010,2011,2012,2013,2014,2015,2016,2017,2018,2019,2020,2021,2022,2023,2024,2025,2026,2027,2028,2029,2030,2031
,,,,,,,,,,,,,,,,,,,,,,,,,,,,,,,,,,,,,,
1,1.1,Bosai Xianfeng domestic,Chongqing,Other,Chongqing,Nanchuan,,,1,,,,,,,183.69587664329185,161.37477787849397,412.4378729617982,419.18612156862963,429.16866878278336,447.09483762668856,448.4079395815105,833.5402356041317,1005.1276761728789,1009.9676969277247,845.2478930637983,848.779805095672,852.3518922706198,684.2795773928193,686.2638567471914,689.154051696748,692.2809811037156,694.5056801041558,522.10004249796,348.578848792253,0.0,0.0,
2,1.1,Bosai Xianfeng domestic,Chongqing,Other,Chongqing,Wulong,,,1,,,,,,,34.39504739169957,30.21566533980491,77.22448889911352,78.48802477637032,80.35714775721668,83.71362716331143,83.95949116848958,156.0713088958684,188.19918382712106,189.10542487227522,158.26343993620182,158.92475190432788,159.59358622938012,128.12388020718075,128.49541485280878,129.03657230325217,129.6220556962845,130.03860629584418,97.75753290204005,65.26758380774709,0.0,0.0,
3,1.1,Bosai Xianfeng domestic,Chongqing,Guizhou,Guizhou,Zunyi,,,1,,,,,,,3.573049602433741,3.13888420621031,8.022286645423108,0,0,0,0,0,0,0,0,0,0,0,0,0,0,0,0,0,0,0,
4,3,Shuijiang,Chongqing,Other,Chongqing,Nanchuan,,,1,,,,,,,80.01971952000001,326.49182528,821.0858820000001,1238.437347,1494.33116904,0,0,0,0,0,0,0,0,0,0,0,0,0,0,0,0,0,
5,4,Tuoyuan,Chongqing,Other,Chongqing,Wulong,,,1,,,,,,,0.0,0.0,0.0,0.0,0.0,0.0,0.0,0.0,0.0,0.0,0.0,0.0,0.0,0.0,0.0,0.0,0.0,0.0,0.0,0.0,0.0,0.0,
6,5,Chalco Pingguo ,Guangxi,Guangxi,Guangxi,Longzhou,,,1,,,,,,,133.16853013573572,157.39365266897144,197.6875183325505,198.6055815295596,199.42744249519427,200.17975113549647,200.87976244707986,201.5392927569657,194.06842790092264,202.7452053858519,203.32730142410307,203.89262752994176,204.4444531158885,204.9855453552422,205.51828949396304,206.04479042616927,206.56694807339227,207.0865174971458,207.6051573879986,166.49302288819612,166.89951210167368,167.31138309899566,
7,5,Chalco Pingguo ,Guangxi,Guangxi,Guangxi,Pingguo,,,0.95,,,,,,,3681.1822682106563,4350.838165318489,5464.682882589462,5490.060935185535,5512.779666184107,5533.575759856384,5552.9261966684535,5571.157615755413,5364.640241055609,5604.492700117629,5620.583600965013,5636.2109299927415,5651.4650636838,5666.422495105059,5681.149159692804,5695.703243107696,5710.137264946103,5724.499740433943,5738.836520811769,4602.372369899344,4613.608965237201,4624.994329411354,
8,5,Chalco Pingguo ,Guangxi,Guangxi,Guangxi,Tiandong,,,1,,,,,,,23.689704453607746,27.999176012540158,35.1671590779882,35.330475784906206,35.4766788206985,35.61050900811957,35.735035884467095,35.85236148762173,34.52334944346902,36.06688449651931,36.17043511088541,36.271002477316344,36.36916820031181,36.46542453969893,36.56019581323346,36.65385646613549,36.74674448050566,36.839172068910436,36.93143430023213,29.617887212458605,29.690198661124793,29.763467489650758,
9,6.1,Jinjiang Chongzuo domestic,Guangxi,Guangxi,Guangxi,Chongzuo,,,1,,,,,,,0.0,0.0,0.0,0.0,0.0,0.0,0.0,0.0,0.0,0.0,0.0,0.0,393.6595931751821,723.4061522953639,735.4231362909618,594.2818423448921,598.6770208754162,451.5806537910182,453.62147609763423,455.7442963986633,457.96265238265244,460.09784856636486,
10,6.1,Jinjiang Chongzuo domestic,Guangxi,Guangxi,Guangxi,Longzhou,,,1,,,,,,,0.0,0.0,0.0,0.0,0.0,0.0,0.0,0.0,0.0,0.0,0.0,0.0,282.3508885083197,518.8603895195455,527.4795268838352,426.2464553626937,429.39888092213874,323.8945551984081,325.3583274563452,326.8809124727665,328.47202010475644,330.00348167729965,
11,6.1,Jinjiang Chongzuo domestic,Guangxi,Guangxi,Guangxi,Napo,,,1,,,,,,,0.0,0.0,0.0,0.0,0.0,0.0,0.0,0.0,0.0,0.0,0.0,0.0,148.37319561649818,272.6570986850908,277.1863883252031,223.98919669241417,225.645771802445,170.20406931057357,170.9732702460206,171.77337682857015,172.60949151259106,173.4142626563355,
12,7,Huayin,Guangxi,Guangxi,Guangxi,Debao,,,1,,,,,,,1994.9173795779507,1777.1185122766324,1789.8363205975845,2282.7056455619304,2297.967109838072,2433.69946998238,2693.0721494134614,2708.604022100895,2673.544299899386,2861.4970150358768,2750.639919456403,2763.4314369333792,2775.8575809049908,2787.993666711306,2544.878770252461,2554.5868337014012,2564.1918614589063,2573.72313876472,2583.206613909843,2593.6580233857444,2605.18030577199,2616.8182465426958,
13,7,Huayin,Guangxi,Guangxi,Guangxi,Jingxi,,,1,,,,,,,1967.7543987828237,1752.9211011388102,1765.4657425974576,2251.6241129400405,2266.6777756975407,2400.561991387538,2656.403028264251,2671.7234175269364,2637.1410717674758,2822.5346052336345,2713.18695018992,2725.8042971738614,2738.0612456121057,2750.0320853440435,2510.227463952789,2519.803341505852,2529.277586311048,2538.67908485757,2548.0334321220726,2558.3425342333767,2569.707928149765,2581.1874056352813,
14,7,Huayin,Guangxi,Guangxi,Guangxi,Tiandong,,,1,,,,,,,25.091368311884935,22.351970854469986,22.51193096909311,28.711067779925276,28.903021103432003,30.610214932653534,33.872513159271115,34.06786758455369,33.62689874460277,35.99090181008622,34.59658029900744,34.75746750143918,34.91375916458273,35.06640257826402,32.00858902086987,32.130693624341745,32.25150228116963,32.371383330786585,32.49066314165937,32.62211728969714,32.767040500104976,32.913418420944716,
15,7,Huayin,Guangxi,Guangxi,Guangxi,Tianyang,,,1,,,,,,,326.15502242734067,290.54643273008736,292.62570533586535,373.2063887181032,375.70153126095477,397.89282169742825,440.2984385630155,442.83779098761556,437.1057719085355,467.8347247204013,449.71036585467084,451.8016893913206,453.8332769183207,455.8174419663872,416.0698587738788,417.65705916840614,419.2274139488766,420.7857110469232,422.3361928264248,424.04492509118205,425.9287375781409,427.83145940107715,
16,8,Jinjiang Tiandong,Guangxi,Guangxi,Guangxi,Chongzuo,,,1,,,,,,,0.0,0.0,0.0,23.510408262525598,27.150765400677177,44.01289213017608,38.954666092158845,56.25513661281256,54.026543480166836,50.51147781105352,57.91053832495101,58.42964102091906,58.93109093467045,59.42028155835617,59.901352046607705,60.37757136258707,60.85165410998201,49.02304601850096,49.327812616577944,49.66662141523513,50.04413784067287,50.42985885807393,
17,8,Jinjiang Tiandong,Guangxi,Guangxi,Guangxi,Napo,,,1,,,,,,,0.0,0.0,0.0,239.25363589666162,276.299725081485,447.8971335115805,396.42210350490103,572.4803168957372,549.801042084091,514.0299813538784,589.3265100403279,594.6091578798415,599.7121622064964,604.6904098854156,609.5860230177584,614.4322682024451,619.256770600003,498.8829573560005,501.98441420334905,505.43230145598005,509.2740968169165,513.1993861961766,
18,8,Jinjiang Tiandong,Guangxi,Guangxi,Guangxi,Tiandong,,,1,,,,,,,0.0,0.0,0.0,83.9932832336046,96.99882294018703,157.24045594361112,139.1694378852826,200.9770978922804,193.01522619219836,180.45730278084034,206.8911859557645,208.7457322181222,210.53721215172772,212.28489454633555,214.00356694554884,215.70490804697602,217.3986160435989,175.13973144265816,176.22854057377066,177.43896886875737,178.78768402899865,180.16571091402568,
19,8,Jinjiang Tiandong,Guangxi,Guangxi,Guangxi,Tianyang,,,1,,,,,,,0.0,0.0,0.0,701.8733566572081,810.5515920776509,1313.9489536146323,1162.9420443176575,1679.42560259917,1612.893787193544,1507.9559693342278,1728.8455166789563,1744.3426678811174,1759.3128177071053,1773.9169820098928,1788.2787299900854,1802.4956523879919,1816.6487902464162,1463.52072998284,1472.6191494063023,1482.7338554600271,1494.004128513412,1505.5193392317237,
20,9,Xinfa Jingxi,Guangxi,Guangxi,Guangxi,Jingxi,,,1,,,,,,,4012.165020821552,4078.7189862361083,4691.3451659639995,4757.844599047339,5106.0014632721195,5221.969997034935,4362.837343182338,5888.427977938611,5469.655831866155,5924.730862719251,5872.681622103521,6474.82346875588,6574.4546082809375,5335.388077924951,5406.758236020682,5482.85305026548,5565.034869167461,5655.1752335684305,5756.1353893910955,5885.938156702674,6067.474547843999,0,
21,9,Xinfa Jingxi,Guangxi,Guangxi,Guangxi,Napo,,,0,,,,,,,226.68968317844855,230.45002136389186,265.06376079600074,268.82101787266055,288.49208544788127,295.0443758050657,246.5028756176618,332.69964366138817,309.03877113384556,334.75077800074837,331.8099652964786,365.8313337441202,371.4605517190624,301.45256407504894,305.48501997931874,309.78442173451975,314.42774283253976,319.5207264315697,325.225034608904,332.5589672973262,342.81588015600005,0,
22,11,Tiangui,Guangxi,Guangxi,Guangxi,Jingxi,,,0,,,,,,,0.0,0.0,0.0,0.0,0.0,0.0,0.0,0.0,0.0,0.0,1123.2200795,1207.0302020000001,1728.7615870000002,2020.6685992,2063.9119591999997,4115.3604328500005,4413.8666,4607.466393600001,0,0,0,0,
23,14,Chalco Guizhou,Guizhou,Guizhou,Guizhou,Guiyang,,,1,,,,,,,59.22617647614147,61.36799132309914,65.63344912925815,0,0,0,0,0,0,0,0,0,0,0,0,0,0,0,0,0,0,0,
24,14,Chalco Guizhou,Guizhou,Guizhou,Guizhou,Qingzhen,,,1,,,,,,,1847.2520649824914,1914.0548223822798,2047.0935598009796,0,0,0,0,0,0,0,0,0,0,0,0,0,0,0,0,0,0,0,
25,14,Chalco Guizhou,Guizhou,Guizhou,Guizhou,Xiuwen,,,0.5,,,,,,,114.8648175956427,119.01871012015067,127.29125212805381,0,0,0,0,0,0,0,0,0,0,0,0,0,0,0,0,0,0,0,
26,14,Chalco Guizhou,Guizhou,Guizhou,Guizhou,Zhijin,,,0,,,,,,,28.855861885724046,29.899385494469936,31.977579101708628,0,0,0,0,0,0,0,0,0,0,0,0,0,0,0,0,0,0,0,
27,15,Chalco Zunyi,Guizhou,Guizhou,Guizhou,Kaiyang,,,1,,,,,,,46.21244399423331,127.86668263466355,158.1195314347211,161.69250437144473,164.7334404676535,209.84717329149086,238.14138398093684,243.5453441650169,249.49069418562303,256.6071158232976,0,0,0,0,0,0,0,0,0,0,0,0,
28,15,Chalco Zunyi,Guizhou,Guizhou,Guizhou,Jinsha,,,1,,,,,,,16.10467331155874,44.560533338617276,55.10341323325576,56.3485662033985,57.40830851862598,73.13008962770361,82.99039954376869,84.87363717050272,86.94554489770883,89.4255618740098,0,0,0,0,0,0,0,0,0,0,0,0,
29,15,Chalco Zunyi,Guizhou,Guizhou,Guizhou,Weng'an,,,0,,,,,,,57.9663975256305,160.38907089201896,198.3366129013912,202.81835746405233,206.6327437065301,263.2209771931202,298.7117091852008,305.4901454064522,312.94767184167983,321.8741273578806,0,0,0,0,0,0,0,0,0,0,0,0,
30,15,Chalco Zunyi,Guizhou,Guizhou,Guizhou,Xifeng,,,0,,,,,,,1.04168993005827,2.8822850335962964,3.564224468665515,3.6447640291574928,3.713310771886934,4.730234291357034,5.36802341927723,5.489835866740395,5.623851960931605,5.784265566386868,0,0,0,0,0,0,0,0,0,0,0,0,
31,15,Chalco Zunyi,Guizhou,Guizhou,Guizhou,Zunyi,,,1,,,,,,,421.53788819851917,1166.3666041011038,1442.3252181219664,1474.9169474519467,1502.6555751753033,1914.1713059963286,2172.2637328708165,2221.557251391288,2275.7891871140573,2340.703333378425,0,0,0,0,0,0,0,0,0,0,0,0,
32,16,Xian,Guizhou,Guizhou,Guizhou,Kaiyang,,,0.6,,,,,,,214.16891778132552,219.5523741841439,178.90153370647525,181.6885104935851,184.5214077786065,187.54085739658856,190.93920309730066,195.08184835040862,0,0,0,0,0,0,0,0,0,0,0,0,0,0,
33,16,Xian,Guizhou,Guizhou,Guizhou,Xifeng,,,0.3,,,,,,,3.317260018674491,3.4006443158561233,2.77100389352476,2.8141713464148808,2.858050061393531,2.9048182834114478,2.957455222699328,3.0216206095913605,0,0,0,0,0,0,0,0,0,0,0,0,0,0,
34,17,Huafei,Guizhou,Guizhou,Guizhou,Xiuwen,,,0.6,,,,,,,71.90932325780017,49.88400081913921,73.22067761977426,55.2200844694469,223.11877820718053,302.047320125917,306.4077167563155,310.2789821280557,294.15594384784345,78.9593514696402,198.33249222206337,199.82275948893871,201.47701028144738,203.17662500216878,204.98168090400063,206.88851830084838,208.8438629575325,211.0262790018664,213.7374265756406,217.34612165788494,221.7075052444901,0,
35,17,Huafei,Guizhou,Guizhou,Guizhou,Zhijin,,,0,,,,,,,22.580951502199834,15.664564095456056,22.992742740225747,17.340200030553095,70.06371471281948,94.848839874083,96.2180907636845,97.43374475194433,92.37079145215657,24.794799970359794,62.28033007793663,62.74830351106134,63.267771018552615,63.80148369783127,64.36830699599939,64.96709169915162,65.58110864246754,66.2664304981336,67.11778452435944,68.25098624211509,69.62054705550989,0,
36,18,Qingzhen Guanglv,Guizhou,Guizhou,Guizhou,Longli,,,0,,,,,,,0.0,0.0,0.4098617954737898,1.007774646720855,1.0272192247328533,1.040295474711376,1.0509420346239542,1.1785899367458,1.3083931729633582,1.1995500612674845,1.2087244148781524,1.2187624297151285,1.2297658900015938,1.9911600977264672,2.0226760041216756,2.058798845770879,2.6353788682570403,0,0,0,0,0,
37,18,Qingzhen Guanglv,Guizhou,Guizhou,Guizhou,Qingzhen,,,0.6,,,,,,,0.0,0.0,369.3512211820311,908.1666077521513,925.6892915285176,937.4730902416076,947.0673484733431,1062.0985835157007,1179.072120302446,1080.9870177969747,1089.2545820029502,1098.3004435085209,1108.2163262253669,1794.3546380409914,1822.755524979655,1855.3079995528838,2374.899085538953,0,0,0,0,0,
38,18,Qingzhen Guanglv,Guizhou,Guizhou,Guizhou,Zhijin,,,0,,,,,,,0.0,0.0,55.1720190224951,135.65783050112782,138.27528994674958,140.03550063368118,141.46864764203283,158.65149454755377,176.1244737245908,161.4729636417578,162.7079350821716,164.05916506176393,165.54035488463182,268.0326002612824,272.2749966162236,277.1375384013455,354.75171059278966,0,0,0,0,0,
39,19.1,Qizheng Chemical,Guizhou,Guizhou,Guizhou,Fuquan,,,0.2,,,,,,,0.0,6.5758340851642885,28.097160343095233,64.62595105165362,109.86760360431296,74.25853599172373,89.97331075080706,151.74644194228978,153.7180864881885,139.90096189710638,157.10182097865606,159.0461928311251,161.26583930761078,163.69818499034886,166.59746853494883,153.13837169716922,0,0,0,0,0,0,
40,19.1,Qizheng Chemical,Guizhou,Guizhou,Guizhou,Huangping,,,0.5,,,,,,,0.0,18.758422190636495,80.15080509146107,184.35393268716268,313.4116321658544,211.83213434992368,256.6605737150082,432.8764666222968,438.5008391844445,399.0856937924865,448.15338201492915,453.6999556711124,460.0317860033,466.9703684917652,475.2409519760218,436.8471273268674,0,0,0,0,0,0,
41,19.1,Qizheng Chemical,Guizhou,Guizhou,Guizhou,Kaili,,,0.7,,,,,,,0.0,77.64634857419924,331.76656796544376,763.0924164611839,1297.298279729833,876.8323676583526,1062.3897985341846,1791.7965954354133,1815.0774443273672,1651.9271491104075,1855.0320150064147,1877.9908324977625,1904.2000466890895,1932.9207775178863,1967.1550324890293,1808.2322690759638,0,0,0,0,0,0,
42,20,SPIC - Wuchuan,Guizhou,Guizhou,Guizhou,Daozhen,,,1,,,,,,,0.0,0.0,0.0,0.0,0.0,0.0,0.0,0.0,0.0,0.0,921.4427349212558,1138.4610999695365,1152.640686839155,1162.496311243167,1170.6903066117216,1177.7882160490692,1183.9061187684863,1189.6893446113947,1195.6639498067698,1201.9634713307858,1207.5776142670436,1211.5149351533905,
43,20,SPIC - Wuchuan,Guizhou,Guizhou,Guizhou,Wuchuan,,,1,,,,,,,0.0,0.0,0.0,0.0,0.0,0.0,0.0,0.0,0.0,0.0,438.56705264198365,541.858446801752,548.6073193962287,553.2981721025376,557.1981609590953,560.5764601239623,563.4883183027938,566.2408847038994,569.0845394335222,572.0828403404998,574.7549305609255,576.628925711127,
44,20,SPIC - Wuchuan,Guizhou,Guizhou,Guizhou,Zheng'an,,,1,,,,,,,0.0,0.0,0.0,0.0,0.0,0.0,0.0,0.0,0.0,0.0,49.038748436760486,60.588363628711775,61.3429945646167,61.867506254295236,62.303586829182905,62.68133422696853,63.00692612871998,63.314706684706024,63.63267235970808,63.96792992871435,64.2667119720311,64.47625433548234,
45,21,Kaisheng,Guizhou,Guizhou,Guizhou,Kaili,,,0.7,,,,,,,162.4987319517204,130.32260778425405,0.0,0.0,0.0,0.0,0.0,0.0,0.0,0.0,0.0,0.0,0.0,0.0,0.0,0.0,0.0,0.0,0.0,0.0,0.0,0.0,
46,21,Kaisheng,Guizhou,Guizhou,Guizhou,Kaiyang,,,0,,,,,,,25.880555959779617,20.755986850327474,0.0,0.0,0.0,0.0,0.0,0.0,0.0,0.0,0.0,0.0,0.0,0.0,0.0,0.0,0.0,0.0,0.0,0.0,0.0,0.0,
47,22,Huajin,Guizhou,Guizhou,Guizhou,Guiyang,,,1,,,,,,,0.0,0.0,0.0,0.0,0.0,168.74105111219924,170.78100457153417,193.23960284634452,195.98929215567762,198.37049805552493,200.55257530251689,202.88506455643036,205.4178602737561,208.01950358599572,210.84468324027566,213.9831933342045,217.50028149567262,222.0947321331965,0,0,0,0,
48,22,Huajin,Guizhou,Guizhou,Guizhou,Jinsha,,,1,,,,,,,0.0,0.0,0.0,0.0,0.0,16.4567259468452,16.655675489966587,18.845984217586718,19.11415182176133,19.34638252471424,19.55919290495014,19.786672443406335,20.033687172333543,20.287416366970962,20.562946281088742,20.869034219718753,21.212043556348338,21.66012429615459,0,0,0,0,
49,22,Huajin,Guizhou,Guizhou,Guizhou,Longli,,,0,,,,,,,0.0,0.0,0.0,0.0,0.0,1.9720309938131053,1.9958713777696435,2.258338937285288,2.29047381202751,2.3183023208947877,2.343803667091222,2.3710628377028535,2.4006629357385254,2.43106763698204,2.4640847469538505,2.5007636649695235,2.541866922396649,2.5955610234883677,0,0,0,0,
50,22,Huajin,Guizhou,Guizhou,Guizhou,Qingzhen,,,1,,,,,,,0.0,0.0,0.0,0.0,0.0,2606.437161896562,2637.947043279336,2984.850922102809,3027.3236479290217,3064.1046416859144,3097.8098200595346,3133.838318347614,3172.9608249197736,3213.146777101096,3256.7855549291016,3305.2641514999164,3359.5904059904246,3430.558002797552,0,0,0,0,
51,22,Huajin,Guizhou,Guizhou,Guizhou,Xiuwen,,,0.5,,,,,,,0.0,0.0,0.0,0.0,0.0,541.4679852615644,548.0139293716257,620.0806367881547,628.9040305065561,636.5450091100731,643.5470098847882,651.0316631368356,659.1590736578685,667.5074071153324,676.5730394870768,686.6441082998032,697.9299846661369,712.6729764496218,0,0,0,0,
52,22,Huajin,Guizhou,Guizhou,Guizhou,Zhijin,,,0,,,,,,,0.0,0.0,0.0,0.0,0.0,69.40068158901582,70.2396840697671,79.47657110782023,80.60747737495531,81.58683190287813,82.48428778111864,83.44360587801147,84.48530704052982,85.55532419362243,86.71727851550277,88.00810098138771,89.45462696902216,91.34425609998704,0,0,0,0,
53,23.1,Chalco Zhengzhou domestic,Henan,Henan,Henan,Baofeng,,,0.5,,,,,,,102.8349066782552,104.89494147481366,120.30740170172281,121.31643138026799,122.31757172497095,123.32060660991992,62.040698049337344,105.06818660003084,105.80698619372191,79.85234579765023,87.02249069135988,94.3439570175154,94.99199706599389,81.96303058031435,68.80661929691276,69.56021995495887,70.38064076620248,71.02619907156449,57.24092370173083,57.59442339290422,57.97672156066907,58.3954434045942,
54,23.1,Chalco Zhengzhou domestic,Henan,Henan,Henan,Dengfeng,,,0.3,,,,,,,356.00515729676107,363.1368116685607,416.49335668472,419.98652628083283,423.4523837158693,426.92479987809355,214.77929218100348,363.7365706419103,366.29422809557707,276.44160766490967,301.26400156965786,326.6102566038649,328.8537127107976,283.748607713125,238.20230033850405,240.81119773990926,243.65142047546482,245.88628501191732,198.16290697870195,199.38669097603938,200.71017269781711,202.15974989611766,
55,23.1,Chalco Zhengzhou domestic,Henan,Henan,Henan,Gongyi,,,0.85,,,,,,,611.5828701127499,623.8343714181696,715.4958214602578,721.496753310805,727.4507654762928,733.4160449088846,368.970317593874,624.8647000715018,629.2585113807434,474.9002882937347,517.5427910670318,561.0852372443165,564.9392806387108,487.4530167298465,409.2088092618397,413.6906459090854,418.56987739427035,422.40916129087265,340.42495429046704,342.52729835529135,344.80091359191516,347.29114881805157,
56,23.1,Chalco Zhengzhou domestic,Henan,Henan,Henan,Jiaxian,,,0.8,,,,,,,10.639304446047182,10.852435746283689,12.447009630905624,12.551403890519508,12.654981919270398,12.758755957247278,6.418733637376458,10.870359695363996,10.946795937256917,8.261527579641225,9.00335111904624,9.760830381211237,9.827876636142607,8.47989912990346,7.1187361786940295,7.1967037394249385,7.281584516455288,7.348374010123132,5.922148749948234,5.9587218451885935,5.998274432217647,6.041595414553617,
57,23.1,Chalco Zhengzhou domestic,Henan,Henan,Henan,Lushan,,,0.8,,,,,,,76.8065051613736,78.3451273894223,89.85656104756045,90.61019661467033,91.35793970635484,92.1070978138145,46.337662461741246,78.47452267973755,79.02632572637808,59.641028593959845,64.9963479944972,70.46468806824372,70.94870359308851,61.21748085992963,51.39107070617381,51.953928540167176,52.56669377046427,53.0488557027728,42.75275238489064,43.01677825637416,43.30231346172505,43.61505319675723,
58,23.1,Chalco Zhengzhou domestic,Henan,Henan,Henan,Mianchi,,,0.8,,,,,,,35.65182534148251,36.36601863573099,41.709363204628254,42.05918362092344,42.40626888471752,42.754010966513725,21.508884505910057,36.42608097394879,36.68221534434349,27.684003199348197,30.169820143038912,32.708098701703044,32.93276765282999,28.41575633311536,23.854561186956627,24.115826937135672,24.40025856073299,24.624067116542925,19.844851131962532,19.967405910831662,20.09994483118256,20.245111472826814,
59,23.1,Chalco Zhengzhou domestic,Henan,Henan,Henan,Pingdingshan,,,1,,,,,,,21.338608880144914,21.766073427186164,24.964213740492315,25.173590987522836,25.381331169721765,25.589464475759886,12.873665500256777,21.802022406835338,21.95532595015364,16.56964575724602,18.057476324152063,19.576706626483045,19.711177241372773,17.007620356546813,14.277618222921154,14.433993039734851,14.604233275990742,14.73818892035719,11.877695252168,11.951047695349589,12.03037592484907,12.117262196696885,
60,23.1,Chalco Zhengzhou domestic,Henan,Henan,Henan,Ruzhou,,,0.5,,,,,,,19.084902476017206,19.46721976942934,22.327584113089053,22.514847695392795,22.700647113709405,22.88679813555248,11.513995685533144,19.499371948353957,19.636484127966565,14.81961992533812,16.150311229055685,17.509085942133424,17.62935425884869,15.211337237444909,12.769668018415166,12.909527094766265,13.061787175293864,13.181594910803017,10.623216199365446,10.688821423790401,10.759771293676314,10.83748095291578,
61,23.1,Chalco Zhengzhou domestic,Henan,Henan,Henan,Sanmenxia,,,0.8,,,,,,,21.853592920503857,22.29137385793316,25.56669779784928,25.78112813626175,25.993881901069297,26.20703827733092,13.184357369196771,22.32819042697818,22.485193784027675,16.96953607658745,18.493273810685995,20.049169078560173,20.186884995004203,17.418080714918876,14.62219295881146,14.782341711190753,14.956690509780351,15.093879027449468,12.164350465985862,12.239473190340517,12.320715920094985,12.409699097302434,
62,23.1,Chalco Zhengzhou domestic,Henan,Henan,Henan,Shaan,,,0.8,,,,,,,67.92571089268118,69.28642908205725,79.46684691229339,80.13334295377311,80.7946278405291,81.45716413108543,40.97984483483288,69.40086297098846,69.88886348783339,52.745001964401304,57.48110962318075,62.31716987786566,62.74522084228722,54.139176072823396,45.44894998045593,45.94672706880523,46.48864098339874,46.91505267793731,37.80944195105638,38.0429396863966,38.29545972708322,38.572038758791756,
63,23.1,Chalco Zhengzhou domestic,Henan,Henan,Henan,Xin'an,,,0.85,,,,,,,194.90067097640733,198.80500829778197,228.01589530738696,229.9282864179158,231.8257250525873,233.72675436650448,117.58433073209937,199.1333558622317,200.5335860095493,151.3423435458131,164.9317568678322,178.8079662756307,180.036181911234,155.3426766393999,130.40762812713479,131.8359103967049,133.39083539016724,134.61434743421574,108.48742705316923,109.15740701644384,109.88196808055355,110.67556211364607,
64,23.1,Chalco Zhengzhou domestic,Henan,Henan,Henan,Xingyang,,,1,,,,,,,194.39083582229523,198.28495989807158,227.41943497432771,229.32682351502615,231.21929869362597,233.1153551587152,117.27674520620229,198.61244854741196,200.00901587228074,150.94645138875268,164.50031654872282,178.34022757270108,179.56523035375278,154.93632012411513,130.0664985001791,131.49104456654698,133.04190207568664,134.26221356917566,108.20363786037791,108.87186524201122,109.59453094732136,110.3860490402227,
65,23.1,Chalco Zhengzhou domestic,Henan,Henan,Henan,Xinmi,,,0.8,,,,,,,451.62328084156513,460.6704001857814,528.357784541513,532.7891717874493,537.1859111988267,541.5909709219469,272.4660769752742,461.43124622889775,464.6758555465403,350.6900483204858,382.17939824655787,414.33331124746866,417.17932902746503,359.95960879523363,302.18018525278757,305.48979686838425,309.09286464384104,311.92798327485514,251.38675762559654,252.93923329228534,254.61818413069932,256.4570979686354,
66,23.1,Chalco Zhengzhou domestic,Henan,Henan,Henan,Yanshi,,,0.8,,,,,,,1039.6628655537495,1060.4898565912513,1216.3101230974087,1226.5114323698263,1236.6329803268043,1246.7736821217616,627.232639173173,1062.2413681075702,1069.710646074146,807.3087372259821,879.7990386948513,953.8192027284682,960.3708999639479,828.6478005879104,695.6362318790403,703.2551488882107,711.5496189191523,718.0762256844465,578.7068290816941,582.2807176937348,586.1457594527351,590.3790452715981,
67,23.1,Chalco Zhengzhou domestic,Henan,Henan,Henan,Yuzhou,,,0.8,,,,,,,120.44452244996619,122.85732093752742,140.9090357858446,142.09085333881285,143.26343057564952,144.4382267768686,72.66464754418902,123.06023283823887,123.92554566948165,93.52639066614971,101.92436277032955,110.49956883383422,111.25858030852393,95.99851252537195,80.58917609117331,81.47182454497445,82.43273554309903,83.18884029696639,67.04295207288554,67.45698562301848,67.90474914746062,68.39517359728995,
68,24.1,Chalco Zhongzhou Dom. Sinter,Henan,Henan,Henan,Baofeng,,,0.5,,,,,,,22.24708586278904,22.46622463411446,20.78846897864283,20.977415358103574,19.23789502607896,17.453981330131622,17.59013720365904,15.753512642225909,17.859685073254713,7.98588384147053,8.017664532308196,8.050669300477187,12.136563912361172,12.212561016618837,12.314272395326128,12.47884157734116,12.658686253146113,12.800276590295491,12.926796924398815,13.049499091654237,13.184751283524578,13.336490773599506,
69,24.1,Chalco Zhongzhou Dom. Sinter,Henan,Henan,Henan,Dengfeng,,,0.3,,,,,,,82.51864454775533,83.33147165190564,77.10835895185456,77.80919677041062,71.35698721598868,64.7401142876574,65.24514214613707,58.432754659195545,66.24494611942839,29.621151919775752,29.739032506333906,29.861453426975643,45.016808479638456,45.29869609726061,45.67596281694579,46.28638100465673,46.95345888479282,47.4786441955651,47.947932017904044,48.403057538048,48.904733470531426,49.46756390695699,
70,24.1,Chalco Zhongzhou Dom. Sinter,Henan,Henan,Henan,Gongyi,,,0.85,,,,,,,558.0968446551706,563.5942233937897,521.5055586942372,526.2455223387537,482.60741105963706,437.8556349849734,441.27128069540856,395.1971845700155,448.03323668518107,200.33619689319036,201.1334565157249,201.96142369701312,304.46136029770463,306.36784568418284,308.91940681322995,313.0478370164726,317.55947268479446,321.1114489249231,324.28537470033837,327.36351683544575,330.75649252588386,334.5630733582098,
71,24.1,Chalco Zhongzhou Dom. Sinter,Henan,Henan,Henan,Jiaxian,,,0.8,,,,,,,9.453347405944863,9.546464992141448,8.833544334969424,8.913832413019477,8.174666388320563,7.416636504585531,7.474492566352587,6.69406450756764,7.589030248705056,3.3934032871790296,3.40690770358405,3.4209322612936974,5.157131845744587,5.189424930457996,5.232644658380467,5.302574250934539,5.378994785739839,5.439160088047442,5.4929217662992205,5.5450610092401575,5.602533073898497,5.667011007041125,
72,24.1,Chalco Zhongzhou Dom. Sinter,Henan,Henan,Henan,Jiyuan,,,1,,,,,,,21.838273157129464,22.05338503187288,20.406459833620655,20.591934132239512,18.884379245840936,17.133246768485613,17.26690064011527,15.464025912744509,17.531495294959416,7.839135148160755,7.870331836658103,7.9027301088276625,11.913542274335242,11.988142854931093,12.08798518417356,12.249530241007314,12.426070088981433,12.565058560467042,12.68925395545588,12.809701346274721,12.942468142311833,13.091419265772116,
73,24.1,Chalco Zhongzhou Dom. Sinter,Henan,Henan,Henan,Lushan,,,0.8,,,,,,,15.824911063892058,15.98078997712428,14.787360230930457,14.921762537338234,13.684398025064512,12.415455397785667,12.512306491123773,11.205869301026317,12.70404266232936,5.680559797237214,5.703166201022273,5.726643321764288,8.6330428047478,8.687101454200063,8.759451313060495,8.876513506522937,9.004441542468005,9.105158306304617,9.195155398387042,9.28243653247084,9.378644814344046,9.486580925622892,
74,24.1,Chalco Zhongzhou Dom. Sinter,Henan,Henan,Henan,Mianchi,,,0.8,,,,,,,154.25680740140322,155.7762714539543,144.14305204675165,145.4531681422003,133.39168492219957,121.02238706837382,121.96646444052159,109.23168007419926,123.83545501583222,55.37250825844844,55.59286916036005,55.82171756766035,84.15248691404179,84.67943551067337,85.38468170123284,86.52577122508643,87.77277794268149,88.75453678976194,89.63180327448305,90.48259536018779,91.42040678594657,92.4725378129062,
75,24.1,Chalco Zhongzhou Dom. Sinter,Henan,Henan,Henan,Qinyang,,,1,,,,,,,30.602635710047004,30.90407851609272,28.596192195541047,28.856102965654138,26.463254420928134,24.009339273931175,24.196632505190372,21.670209371108193,24.567417034478,10.985218267712263,11.028935135185025,11.07433581836662,16.694808770568997,16.799348830824968,16.939260920405747,17.165638916938324,17.413029569898228,17.60779833802227,17.781837118577954,17.950623707010717,18.136673852289142,18.345403587330907,
76,24.1,Chalco Zhongzhou Dom. Sinter,Henan,Henan,Henan,Ruzhou,,,0.5,,,,,,,4.423700755496598,4.467275197302134,4.1336634601773845,4.171234324367146,3.8253410485269153,3.470620416207945,3.4976942021547126,3.132492327622244,3.551292193447915,1.5879455224250398,1.594264923848483,1.6008277257716048,2.4132835769760512,2.428395149322814,2.448619852261666,2.4813434556720813,2.517104500203361,2.545258896931176,2.5704167131508133,2.5948153095933613,2.6217094038153883,2.6518818992614497,
77,24.1,Chalco Zhongzhou Dom. Sinter,Henan,Henan,Henan,Sanmenxia,,,0.8,,,,,,,19.41758570156273,19.608853263480302,18.144483303867183,18.30939849944863,16.791119416290353,15.234093148270805,15.352932009202775,13.749898917894706,15.588197377926962,6.970197573330122,6.997936230509821,7.026743280495345,10.59297255129227,10.659303948316365,10.748079144539988,10.891717561513866,11.04868865547874,11.17227079666649,11.282699616224868,11.389795883266062,11.507845997477169,11.640286469501847,
78,24.1,Chalco Zhongzhou Dom. Sinter,Henan,Henan,Henan,Shaan,,,0.8,,,,,,,60.35407160540439,60.948572708949676,56.39699298335176,56.90958521165029,52.19044422727201,47.35086858095546,47.72024555873369,42.73767071829645,48.45150139704877,21.664887175480615,21.751104943610585,21.840643508511935,32.92525825305479,33.13143063448306,33.4073632160106,33.85382259755105,34.34172283348883,34.72584295599172,35.069079699496356,35.401958146334145,35.76888352807972,36.180537265824654,
79,24.1,Chalco Zhongzhou Dom. Sinter,Henan,Henan,Henan,Xin'an,,,0.85,,,,,,,194.6049151548265,196.5218170926325,181.84576023748738,183.49855622032092,168.28221693383662,152.67754962664435,153.86856414328952,137.802812019467,156.22641634093705,69.85599179104535,70.13399128644758,70.42269831750978,106.1637917434675,106.8285713967349,107.718284968467,109.15784302567315,110.73102245654007,111.96957458501393,113.07630285654544,114.14963196559492,115.33274158659282,116.66007276038303,
80,24.1,Chalco Zhongzhou Dom. Sinter,Henan,Henan,Henan,Xingyang,,,1,,,,,,,45.05796602043265,45.50179706298082,42.10376741626322,42.48644852775503,38.96332426349731,35.35028823751496,35.62605049962507,31.906256923435254,36.17197722567041,16.17414905445917,16.238515834751258,16.305361790749394,24.58069734349569,24.734617500158574,24.940617866856034,25.273926807046102,25.638173852315497,25.924942763958395,26.18118975963601,26.42970366014985,26.7036356574941,27.010960078765365,
81,24.1,Chalco Zhongzhou Dom. Sinter,Henan,Henan,Henan,Xinmi,,,0.8,,,,,,,31.049753336869895,31.355600351538005,29.01399482247112,29.277703000357175,26.849893912598162,24.36012601333027,24.550155678989242,21.986820419861225,24.92635752920205,11.145717015876578,11.190072605524175,11.236136612149956,16.938727083634692,17.044794518986475,17.186750784175192,17.416436260283508,17.667441396737498,17.865055820059606,18.041637381808208,18.212890014655404,18.401658432314516,18.613437798265963,
82,24.1,Chalco Zhongzhou Dom. Sinter,Henan,Henan,Henan,Yanshi,,,0.8,,,,,,,74.97282062127545,75.71131967212092,70.05727245983425,70.6940229583813,64.83182839392013,58.820027911152124,59.27887406949674,53.089437635340246,60.1872521015987,26.91247925420881,27.019580384131526,27.130806662433425,40.90029744893639,41.15640817284816,41.49917616493467,42.053775353300296,42.65985305273367,43.137013387991864,43.56338771729395,43.97689480007414,44.43269554549626,44.94405859055826,
83,24.2,Chalco Zhongzhou Dom. Bayer,Henan,Henan,Henan,Baofeng,,,0.5,,,,,,,51.90094086278648,90.15580386917213,92.48419300051641,94.86128463991949,100.34606865985937,121.66723090753975,0,0,0,0,0,0,0,0,0,0,0,0,0,0,0,0,
84,24.2,Chalco Zhongzhou Dom. Bayer,Henan,Henan,Henan,Dengfeng,,,0.3,,,,,,,128.34026342161505,222.93660625819734,228.69422971351722,234.57228437123254,248.13501780588723,300.8578304145561,0,0,0,0,0,0,0,0,0,0,0,0,0,0,0,0,
85,24.2,Chalco Zhongzhou Dom. Bayer,Henan,Henan,Henan,Gongyi,,,0.85,,,,,,,1082.5188639381097,1880.415976271061,1928.980127813753,1978.5600872169255,2092.9584404550333,2537.6625238591955,0,0,0,0,0,0,0,0,0,0,0,0,0,0,0,0,
86,24.2,Chalco Zhongzhou Dom. Bayer,Henan,Henan,Henan,Jiaxian,,,0.8,,,,,,,18.538159777704887,32.20216568776104,33.03382787006419,33.88288578471747,35.84196014478851,43.45752752802396,0,0,0,0,0,0,0,0,0,0,0,0,0,0,0,0,
87,24.2,Chalco Zhongzhou Dom. Bayer,Henan,Henan,Henan,Jiyuan,,,1,,,,,,,67.92961142822644,117.99879969465846,121.0462698621854,124.15748342998639,131.33614418350282,159.241963280543,0,0,0,0,0,0,0,0,0,0,0,0,0,0,0,0,
88,24.2,Chalco Zhongzhou Dom. Bayer,Henan,Henan,Henan,Lushan,,,0.8,,,,,,,30.765369235456056,53.44174014277251,54.821941544882186,56.231012378224015,59.48223292924044,72.12079820714428,0,0,0,0,0,0,0,0,0,0,0,0,0,0,0,0,
89,24.2,Chalco Zhongzhou Dom. Bayer,Henan,Henan,Henan,Mianchi,,,0.8,,,,,,,119.9568861239288,208.37405485070641,213.75558176019496,219.24967312643594,231.92646859790344,281.20534850369427,0,0,0,0,0,0,0,0,0,0,0,0,0,0,0,0,
90,24.2,Chalco Zhongzhou Dom. Bayer,Henan,Henan,Henan,Qinyang,,,1,,,,,,,117.9550918274882,204.89678890954647,210.18851097146313,215.59091905784885,228.0561690508374,276.5127019958337,0,0,0,0,0,0,0,0,0,0,0,0,0,0,0,0,
91,24.2,Chalco Zhongzhou Dom. Bayer,Henan,Henan,Henan,Ruzhou,,,0.5,,,,,,,6.880129012201988,11.95129705757287,12.259954614602703,12.575068307746683,13.302146103138005,16.128537003101663,0,0,0,0,0,0,0,0,0,0,0,0,0,0,0,0,
92,24.2,Chalco Zhongzhou Dom. Bayer,Henan,Henan,Henan,Sanmenxia,,,0.8,,,,,,,6.565204217157607,11.404249208659632,11.698778554181494,11.999468518489424,12.693265713286072,15.390283955657443,0,0,0,0,0,0,0,0,0,0,0,0,0,0,0,0,
93,24.2,Chalco Zhongzhou Dom. Bayer,Henan,Henan,Henan,Shaan,,,0.8,,,,,,,118.35526350176438,205.59191694345668,210.90159157736088,216.3223277465411,228.82986705390078,277.4507924945307,0,0,0,0,0,0,0,0,0,0,0,0,0,0,0,0,
94,24.2,Chalco Zhongzhou Dom. Bayer,Henan,Henan,Henan,Xingyang,,,1,,,,,,,70.07811706019973,121.73091416402988,124.87477096885007,128.08438727637161,135.49009765868286,164.27853345607275,0,0,0,0,0,0,0,0,0,0,0,0,0,0,0,0,
95,24.2,Chalco Zhongzhou Dom. Bayer,Henan,Henan,Henan,Xinmi,,,0.8,,,,,,,187.79954256110494,326.22180724278707,334.6469033297104,343.2482256773331,363.0944926788186,440.2434701428565,0,0,0,0,0,0,0,0,0,0,0,0,0,0,0,0,
96,24.2,Chalco Zhongzhou Dom. Bayer,Henan,Henan,Henan,Yanshi,,,0.8,,,,,,,466.41733403225606,810.2016839996186,831.1261804187183,852.4883508682277,901.7783694651224,1093.3849085512495,0,0,0,0,0,0,0,0,0,0,0,0,0,0,0,0,
97,25.1,Kaiman,Henan,Henan,Henan,Hubin,,,1,,,,,,,65.50006739783656,64.01248511610855,82.80445444083874,84.29907868381062,83.57665285919798,76.00883998424449,86.37576051873306,87.96767657509382,89.69348479870658,91.12869367259297,68.9660844194731,65.38329388807233,66.88695242146697,68.88702627305264,0,0,0,0,0,0,0,0,
98,25.1,Kaiman,Henan,Henan,Henan,Mianchi,,,1,,,,,,,510.68107855274883,499.082920653847,645.5973219993388,657.2503836030154,651.617882539364,592.614296821004,673.4415443361435,685.8531561241123,699.3086782330694,710.4984990192539,537.7043990043244,509.77063640693274,521.49413520801,537.0880103334982,0,0,0,0,0,0,0,0,
99,25.1,Kaiman,Henan,Henan,Henan,Ruzhou,,,0,,,,,,,19.5267473051471,19.08327229107595,24.685496089431958,25.131070438713042,24.91570231644468,22.65960128429923,25.75016661730811,26.22474540475817,26.73923985367143,27.167101413572826,20.560029273022923,19.491935023149722,19.940202656776535,20.53646061868568,0,0,0,0,0,0,0,0,
100,25.1,Kaiman,Henan,Henan,Henan,Sanmenxia,,,1,,,,,,,223.59537186960063,218.51726238538677,282.6667745348042,287.7689229247104,285.3028022424009,259.4688145651506,294.8580216933273,300.29229186659614,306.18362521730137,311.08294936483327,235.42719732639074,223.19674607610855,228.32973451865755,235.15731919724573,0,0,0,0,0,0,0,0,
101,25.1,Kaiman,Henan,Henan,Henan,Shaan,,,1,,,,,,,2501.9386375119734,2445.116717550766,3162.9229122056927,3220.0138174614167,3192.4189590873543,2903.347448392511,3299.3378659246605,3360.1450749446653,3426.066629641192,3480.8880165058267,2634.3318128049973,2497.4781817059898,2554.914174244356,2631.311989482709,0,0,0,0,0,0,0,0,
102,25.1,Kaiman,Henan,Henan,Henan,Xin'an,,,0,,,,,,,85.90095060084812,83.95004066786638,108.59502337989363,110.55516858833349,109.60773345523808,99.68282275279026,113.27866110982734,115.36640098477378,117.62973555605991,119.51195967391921,90.44650557179057,85.74780639974651,87.71979975073263,90.3428236948085,0,0,0,0,0,0,0,0,
103,26.1,East Hope Mianchi,Henan,Henan,Henan,Mianchi,,,0.7,,,,,,,3157.4377971420226,3092.5733447105654,3282.547620456208,3756.6030742873545,3823.207570802311,4239.451266224945,4321.654688560114,5081.889054720615,4852.969762703711,3449.4760280485334,3851.051528821331,3953.4857281704644,4080.5789349455627,0,0,0,0,0,0,0,0,0,
104,26.1,East Hope Mianchi,Henan,Henan,Henan,Ruzhou,,,0,,,,,,,20.121654710433287,19.708287860898366,20.918952021528387,23.94000287618725,24.364458642900782,27.017087911566076,27.540952192199367,32.385758138569265,30.92690597853927,21.98274994716783,24.541902046390042,25.194692607049262,26.004629583506883,0,0,0,0,0,0,0,0,0,
105,26.1,East Hope Mianchi,Henan,Henan,Henan,Sanmenxia,,,1,,,,,,,165.89339403160824,162.4853825814393,172.46672802889915,197.37384362320395,200.87327787797656,222.74293416714323,227.06194394923247,267.00504571864514,254.97750923118966,181.23723179649468,202.3362136492623,207.7181587853849,214.39570076241645,0,0,0,0,0,0,0,0,0,
106,26.1,East Hope Mianchi,Henan,Henan,Henan,Xin'an,,,0,,,,,,,708.14426644306,693.5965879022885,736.2036645207793,842.5239384816634,857.4618708675634,950.8162313630936,969.252661769209,1139.7566090003563,1088.4150166919637,773.6420567671678,863.7066618953069,886.6804132776564,915.1846409026986,0,0,0,0,0,0,0,0,0,
107,26.1,East Hope Mianchi,Henan,Henan,Henan,Xinmi,,,0,,,,,,,150.64850604170368,147.5536761568974,156.61777897258568,179.2360379815919,182.41388930924757,202.27381843325344,206.19592982924596,242.46843268181425,231.5461749645961,164.5823112406376,183.74238758770932,188.62975515944515,194.69365980581645,0,0,0,0,0,0,0,0,0,
108,27,Huiyuan Lushan,Henan,Henan,Henan,Baofeng,,,0.5,,,,,,,448.1001919556755,450.7738883437226,494.0131086077789,591.9643911532588,0,0,0,0,0,0,0,0,0,0,0,0,0,0,0,0,0,0,
109,27,Huiyuan Lushan,Henan,Henan,Henan,Jiaxian,,,0.2,,,,,,,75.69055943728166,76.14218516520984,83.44591060468028,99.99128930918214,0,0,0,0,0,0,0,0,0,0,0,0,0,0,0,0,0,0,
110,27,Huiyuan Lushan,Henan,Henan,Henan,Jiyuan,,,0,,,,,,,25.13519414897074,25.28516926394596,27.710578169583442,33.20493980593119,0,0,0,0,0,0,0,0,0,0,0,0,0,0,0,0,0,0,
111,27,Huiyuan Lushan,Henan,Henan,Henan,Lushan,,,0,,,,,,,273.2099345902494,274.8401066553505,301.2033726216474,360.92497948034014,0,0,0,0,0,0,0,0,0,0,0,0,0,0,0,0,0,0,
112,27,Huiyuan Lushan,Henan,Henan,Henan,Pingdingshan,,,0.8,,,,,,,318.79674363282646,320.6989202381349,351.4610642069712,421.14759965314823,0,0,0,0,0,0,0,0,0,0,0,0,0,0,0,0,0,0,
113,27,Huiyuan Lushan,Henan,Henan,Henan,Ruzhou,,,0.8,,,,,,,152.74638690324656,153.65778455556196,168.3969763399331,201.78617092175793,0,0,0,0,0,0,0,0,0,0,0,0,0,0,0,0,0,0,
114,27,Huiyuan Lushan,Henan,Henan,Henan,Yuzhou,,,0,,,,,,,299.9049107817867,301.69436477245625,330.6335500894055,396.19047503638143,0,0,0,0,0,0,0,0,0,0,0,0,0,0,0,0,0,0,
115,28,Jingxin,Henan,Henan,Henan,Dengfeng,,,0,,,,,,,90.89855504507197,92.43215954577684,93.89465470720839,95.31596224551325,96.717186636033,98.11424694799005,99.52030657182705,100.94718850583908,102.40632855870518,115.54815688969074,0.0,0.0,0.0,0.0,0.0,0.0,0.0,0.0,0.0,0.0,0.0,0.0,
116,28,Jingxin,Henan,Henan,Henan,Gongyi,,,0.75,,,,,,,118.17138078492803,120.16512162422312,122.06641777279167,123.91416853448672,125.73581048396693,127.55203898200989,129.37996690817295,131.23496458416088,133.13189897129476,150.21674701030926,0.0,0.0,0.0,0.0,0.0,0.0,0.0,0.0,0.0,0.0,0.0,0.0,
117,29,Shenhuo,Henan,Henan,Henan,Ruzhou,,,0.8,,,,,,,37.71856203105546,36.586093775139695,24.02036348889103,38.67397229654304,38.97559723298947,39.29764501995567,0.0,0.0,0.0,0.0,0.0,0.0,0.0,0.0,0.0,0.0,0.0,0.0,0.0,0.0,0.0,0.0,
118,29,Shenhuo,Henan,Henan,Henan,Yuzhou,,,0,,,,,,,111.08592034345736,107.75065856002631,70.74299871110898,113.89972402345695,114.78804748701053,115.73651882004434,0.0,0.0,0.0,0.0,0.0,0.0,0.0,0.0,0.0,0.0,0.0,0.0,0.0,0.0,0.0,0.0,
119,30.1,Wanji,Henan,Henan,Henan,Xin'an,,,1,,,,,,,1525.3535760822856,1483.6486409552824,1759.9325654436861,1776.7250075980187,2492.7956016043986,3026.6484548741055,2677.933360687428,3352.278018937113,2605.8847975715817,1838.21624026252,527.3984383641266,528.4177455807614,529.3975757768814,0.0,0.0,0.0,0.0,0.0,0.0,0.0,0.0,0.0,
120,30.1,Wanji,Henan,Henan,Henan,Yichuan,,,0.5,,,,,,,8.832088387946042,8.590608852295498,10.190345516313753,10.287576961981229,14.433762395601768,17.524872325894346,15.505745362572155,19.410329662887317,15.08857042841818,10.643622937479918,3.0537376358734805,3.0596396192384874,3.065313023118745,0.0,0.0,0.0,0.0,0.0,0.0,0.0,0.0,0.0,
121,31,Weilai,Henan,Shanxi,Shanxi,Jiaokou,,,0,,,,,,,111.29991247425382,132.05911188835597,135.40894227078326,103.8280950848186,141.6169020025857,145.58009690646605,150.1171986213328,155.63940971202737,0,0,0,0,0,0,0,0,0,0,0,0,0,0,
122,31,Weilai,Henan,Shanxi,Shanxi,Jincheng,,,0,,,,,,,135.47900458524796,160.747988271644,164.82554480921678,126.3839895051814,172.38213839741428,177.20630841353397,182.72906229866717,189.45093336797262,0,0,0,0,0,0,0,0,0,0,0,0,0,0,
123,32,Yifeng Gongyi (Yulian Xinya),Henan,Henan,Henan,Gongyi,,,0,,,,,,,120.7471215650344,118.46221856946896,0.0,0.0,0.0,0.0,72.79080323068912,0.0,0.0,0.0,0.0,0.0,0.0,0.0,0.0,0.0,0.0,0.0,0.0,0.0,0.0,0.0,
124,32,Yifeng Gongyi (Yulian Xinya),Henan,Henan,Henan,Xin'an,,,0,,,,,,,153.32790989163072,150.42647923163372,0.0,0.0,0.0,0.0,92.4317000193109,0.0,0.0,0.0,0.0,0.0,0.0,0.0,0.0,0.0,0.0,0.0,0.0,0.0,0.0,0.0,
125,33,Yima Yixiang,Henan,Henan,Henan,Mianchi,,,0.85,,,,,,,840.2563569141006,825.1797650415788,878.4042779557824,557.7850107048964,944.7534265239522,964.3346676525802,985.2901992473315,906.4801924912578,615.9883633072176,1050.3557442755,648.3938994013494,667.0112952406137,0,0,0,0,0,0,0,0,0,0,
126,33,Yima Yixiang,Henan,Henan,Henan,Ruzhou,,,0,,,,,,,26.773842213323874,26.29344323914409,27.989383649377228,17.773204264013405,30.103526101421966,30.727460756607844,31.395185661986396,28.883991705099948,19.6277899104512,33.46842750273356,20.660356582614032,21.253579370542802,0,0,0,0,0,0,0,0,0,0,
127,33,Yima Yixiang,Henan,Henan,Henan,Xinmi,,,0,,,,,,,140.3168661466704,137.79918198240657,146.68729903484027,93.14615003109013,157.76713737462583,161.037066090812,164.53649159068195,151.37577810364238,102.8656980823312,175.40197722176657,108.2771933160367,111.38616668884356,0,0,0,0,0,0,0,0,0,0,
128,34,Zhongmei,Henan,Henan,Henan,Baofeng,,,0,,,,,,,42.94913896522849,52.3413042255613,55.37684139924076,56.07561065641273,56.73699997858016,57.37344122019421,57.99339970325121,65.97058894347413,36.98154255339136,44.68873844619024,29.98782537341736,30.14855127587707,0.0,0.0,0.0,0.0,0.0,0.0,0.0,0.0,0.0,0.0,
129,34,Zhongmei,Henan,Henan,Henan,Dengfeng,,,0.7,,,,,,,534.8145800389132,651.7684245252398,689.567774590167,698.2690430165512,706.5048461338984,714.4299888388272,722.1498836666635,821.4840546463136,460.5044158369654,556.4765548365846,373.41671148166046,375.4181149578735,0.0,0.0,0.0,0.0,0.0,0.0,0.0,0.0,0.0,0.0,
130,34,Zhongmei,Henan,Henan,Henan,Ruzhou,,,0,,,,,,,8.540180931089814,10.407757152417018,11.011355671755428,11.150301784043343,11.281815118496302,11.408367675458896,11.53164273387991,13.11785938628362,7.353559864668153,8.886089945169724,5.962900784256681,5.9948601743722785,0.0,0.0,0.0,0.0,0.0,0.0,0.0,0.0,0.0,0.0,
131,34,Zhongmei,Henan,Henan,Henan,Xinmi,,,0,,,,,,,31.96967438449577,38.96083817432881,41.22037439234548,41.74051114385916,42.2328237205605,42.706565913057965,43.16803897893907,49.105949462311045,27.527626912974277,33.26456481316793,22.321774912960066,22.441413045192505,0.0,0.0,0.0,0.0,0.0,0.0,0.0,0.0,0.0,0.0,
132,34,Zhongmei,Henan,Henan,Henan,Yuzhou,,,0,,,,,,,75.45572849381813,91.95647074214348,97.2894919464914,98.51713339913337,99.67910344846499,100.79724315246179,101.88642491726644,115.90124896161767,64.97148258200089,78.51196545888757,52.684483647705456,52.96685694668459,0.0,0.0,0.0,0.0,0.0,0.0,0.0,0.0,0.0,0.0,
133,35,Shaoxing,Henan,Henan,Henan,Mianchi,,,0.7,,,,,,,0,0,0,0,0,0,0,0,0,0,0,0,0,0,0,0,0,0,0,0,0,0,
134,36,Zhongchao,Henan,Henan,Henan,Xin'an,,,0,,,,,,,62.76989979721088,0.0,0.0,0.0,0.0,0.0,0.0,0.0,0.0,0.0,0.0,0.0,0.0,0.0,0.0,0.0,0.0,0.0,0.0,0.0,0.0,0.0,
135,37,Jialu Xianfeng,Hubei,Other,Hubei,Yicheng,,,0.5,,,,,,,78.596221536,213.981513408,136.4725131,0.0,247.41094561199998,255.84713762400003,261.228627612,0.0,0.0,0.0,0.0,0.0,0.0,0.0,0.0,0.0,0.0,0.0,0.0,0.0,0.0,0.0,
136,38,Jinshi,Hubei,Other,Hubei,Yicheng,,,1,,,,,,,0.0,162.11472776000002,109.30563405000001,133.5275028,204.26754888,208.49906294999997,212.41821545999997,0.0,0.0,0.0,0.0,0.0,0.0,0.0,0.0,0.0,0.0,0.0,0.0,0.0,0.0,0.0,
137,39,Huixiang,Hunan,Other,Hunan,Chenxi,,,0.5,,,,,,,147.8184159,207.46031496,0.0,240.51542913,267.40326797999995,0,0,0,0,0,0,0,0,0,0,0,0,0,0,0,0,0,
138,40.2,Xinwang H-B,Inner Mongolia,Shanxi,Shanxi,Huairen,,,0,,,,,,,0.0,0.0,0.0,0.0,0.0,0.0,2.5216323363793807,5.902705940114399,0.0,0.0,0.0,0.0,0.0,0.0,0.0,0.0,0.0,0.0,0.0,0.0,0.0,0.0,
139,40.2,Xinwang H-B,Inner Mongolia,Shanxi,Shanxi,Loufan,,,0,,,,,,,0.0,0.0,0.0,0.0,0.0,0.0,211.4859301278072,495.05204942304204,0.0,0.0,0.0,0.0,0.0,0.0,0.0,0.0,0.0,0.0,0.0,0.0,0.0,0.0,
140,40.2,Xinwang H-B,Inner Mongolia,Shanxi,Shanxi,Ningwu,,,0,,,,,,,0.0,0.0,0.0,0.0,0.0,0.0,69.67511741724313,163.0974204778175,0.0,0.0,0.0,0.0,0.0,0.0,0.0,0.0,0.0,0.0,0.0,0.0,0.0,0.0,
141,40.2,Xinwang H-B,Inner Mongolia,Shanxi,Shanxi,Shenchi,,,0,,,,,,,0.0,0.0,0.0,0.0,0.0,0.0,13.846342777409445,32.41189787343304,0.0,0.0,0.0,0.0,0.0,0.0,0.0,0.0,0.0,0.0,0.0,0.0,0.0,0.0,
142,40.2,Xinwang H-B,Inner Mongolia,Shanxi,Shanxi,Shuozhou,,,0,,,,,,,0.0,0.0,0.0,0.0,0.0,0.0,16.617533055702566,38.89877586943565,0.0,0.0,0.0,0.0,0.0,0.0,0.0,0.0,0.0,0.0,0.0,0.0,0.0,0.0,
143,40.2,Xinwang H-B,Inner Mongolia,Shanxi,Shanxi,Wutai,,,0,,,,,,,0.0,0.0,0.0,0.0,0.0,0.0,106.95478348545826,250.36268241615744,0.0,0.0,0.0,0.0,0.0,0.0,0.0,0.0,0.0,0.0,0.0,0.0,0.0,0.0,
144,46.2,Chalco Shandong sinter,Shandong,Shanxi,Shanxi,Yangquan,,,1,,,,,,,388.83489560000004,781.8549796000001,985.0555724999999,993.9731360000001,1003.8868795,1426.5370959,0,0,0,0,0,0,0,0,0,0,0,0,0,0,0,0,
145,54,Aokaida,Shanxi,Shanxi,Shanxi,Lin,,,0,,,,,,,36.52059041254196,41.686187378739916,141.27874293232895,145.06271673560622,148.19401799118884,151.02954334187015,173.1175017137879,176.43630355790285,159.6212981932387,306.4837719108862,167.7998743417458,171.7526946492874,0.0,0.0,0.0,0.0,0.0,0.0,0.0,0.0,0.0,0.0,
146,54,Aokaida,Shanxi,Shanxi,Shanxi,Xing,,,1,,,,,,,53.636855647939534,61.2234355931598,207.49247082767104,213.04989622439373,217.64875816881118,221.81322161812983,254.2532402862121,259.12747954209715,234.43171188676135,450.12486508911377,246.4433771782542,252.2487831107126,0.0,0.0,0.0,0.0,0.0,0.0,0.0,0.0,0.0,0.0,
147,55,Chalco Lvliang (Xing),Shanxi,Shanxi,Shanxi,Xing,,,1,,,,,,,0.0,0.0,0.0,0.0,835.0016014204609,1638.7115702149338,3045.144391341509,3797.153802211391,3995.5233366435127,2306.1919402853537,2165.1095967363626,0,0,0,0,0,0,0,0,0,0,0,
148,55,Chalco Lvliang (Xing),Shanxi,Shanxi,Shanxi,Yuanping,,,0.8,,,,,,,0.0,0.0,0.0,0.0,179.52911907953902,352.3303956850665,654.7198102584908,816.4052331886086,859.055579856488,495.8416927146469,465.50835106363706,0,0,0,0,0,0,0,0,0,0,0,
149,56.1,Chalco Shanxi,Shanxi,Shanxi,Shanxi,Gu,,,1,,,,,,,102.24611261511396,111.82921925027556,164.54970240737143,190.9573481962499,194.17735671425967,197.60723662452216,167.5277958964767,189.52178865626266,193.6245265631949,128.50774657044764,80.4239127786835,81.91839019845506,0,0,0,0,0,0,0,0,0,0,
150,56.1,Chalco Shanxi,Shanxi,Shanxi,Shanxi,Jiaokou,,,0.8,,,,,,,429.07327590581565,469.28854524110915,690.5287453522348,801.3477760008346,814.8604618910838,829.2538678741521,703.0262408231315,795.3234859928729,812.5405238722196,539.2795715160096,337.4969554785051,343.76849290782974,0,0,0,0,0,0,0,0,0,0,
151,56.1,Chalco Shanxi,Shanxi,Shanxi,Shanxi,Loufan,,,0.5,,,,,,,290.34789114020106,317.56100204413127,467.2711544699415,542.2608442358573,551.4046899894555,561.1445067251542,475.72803505018436,538.1842913539838,549.8348203443902,364.92295166626656,228.37947453742612,232.62333629499454,0,0,0,0,0,0,0,0,0,0,
152,56.1,Chalco Shanxi,Shanxi,Shanxi,Shanxi,Ningwu,,,0,,,,,,,95.65659235903868,104.62209042529328,153.94486307009328,178.65059851352794,181.66308509440518,184.87191735242428,156.73102547381032,177.30755739234021,181.14588353972846,120.22572608643975,75.24078171605935,76.6389435989566,0,0,0,0,0,0,0,0,0,0,
153,56.1,Chalco Shanxi,Shanxi,Shanxi,Shanxi,Pinglu,,,1,,,,,,,359.14661985151065,392.80795198108177,577.9923354117199,670.7510377304402,682.0615428005893,694.1092358107319,588.453097027569,665.7085344685039,680.1196882397776,451.3924453954107,282.49461706603097,287.7440735003876,0,0,0,0,0,0,0,0,0,0,
154,56.1,Chalco Shanxi,Shanxi,Shanxi,Shanxi,Qinyuan,,,1,,,,,,,207.80932427949128,227.28643556926434,334.4377756090118,388.1097919511549,394.6542734692023,401.6253064824035,340.49057878933183,385.1921000180571,393.53067808551714,261.1845799948516,163.45696225501763,166.49440137920956,0,0,0,0,0,0,0,0,0,0,
155,56.1,Chalco Shanxi,Shanxi,Shanxi,Shanxi,Xia,,,1,,,,,,,14.280058398176957,15.618469403602669,22.981600959492717,26.669787379284426,27.119505305020116,27.598534621290092,23.397532165598715,26.469291990846077,27.042295065534578,17.947852282188908,11.232291788076513,11.441015858686699,0,0,0,0,0,0,0,0,0,0,
156,56.1,Chalco Shanxi,Shanxi,Shanxi,Shanxi,Xiaoyi,,,1,,,,,,,486.2212972936745,531.7928150861576,782.4998694568808,908.0788226858797,923.3912553924113,939.7017107914052,796.6618991194204,901.2521609769655,920.762326170959,611.1059056589852,382.44797972793066,389.5548195992199,0,0,0,0,0,0,0,0,0,0,
157,56.1,Chalco Shanxi,Shanxi,Shanxi,Shanxi,Xing,,,1,,,,,,,679.5583885569775,743.2505948990839,1093.646768033254,1269.159917226772,1290.5610614235734,1313.3570739579154,1113.4400722544772,1259.6187571501678,1286.886786118678,854.1010992293998,534.5214910522704,544.4542370622602,0,0,0,0,0,0,0,0,0,0,
158,57.1,SPIC Shanxi,Shanxi,Shanxi,Shanxi,Huairen,,,0.9,,,,,,,16.02666689195854,18.529462634077966,18.879815923257024,19.209204320671862,19.52812514071667,32.84837670782926,32.49642251862808,33.97046995273134,35.57091773136589,23.456019608417826,11.933066971211362,12.113642696940609,10.968780474927533,11.216334893944868,11.524748919631952,0,0,0,0,0,0,0,
159,57.1,SPIC Shanxi,Shanxi,Shanxi,Shanxi,Loufan,,,0,,,,,,,474.40062667043566,548.4851432136292,558.8558473071913,568.6059758401537,578.0462567112448,972.3350837921099,961.9169919304701,1005.549834067559,1052.9242154193353,694.3146991475031,353.2271861271048,358.5723547778868,324.6836267450589,332.0114118864463,341.1406842452121,0,0,0,0,0,0,0,
160,57.1,SPIC Shanxi,Shanxi,Shanxi,Shanxi,Ningwu,,,1,,,,,,,260.489506649716,301.1687091629235,306.86317801702745,312.21689390300395,317.4004749703485,533.9012472493462,528.1807581591088,552.1391951489297,578.1520807405262,381.24252640632153,193.9541608435465,196.8891492616141,178.28112568412777,182.3047526125154,187.3175614477319,0,0,0,0,0,0,0,
161,57.1,SPIC Shanxi,Shanxi,Shanxi,Shanxi,Shenchi,,,0,,,,,,,98.35607821530782,113.71580182024229,115.86592921390364,117.88739451281766,119.84462001280959,201.59135586341029,199.4314037040099,208.47767175831623,218.29966206709824,143.9502121544004,73.23354732966187,74.34174533011594,67.31569562101711,68.83494363206994,70.72768865744993,0,0,0,0,0,0,0,
162,57.1,SPIC Shanxi,Shanxi,Shanxi,Shanxi,Shuozhou,,,0,,,,,,,118.04094456423783,136.47474464523685,139.05519593087715,141.4812348459841,143.83017708663047,241.93760562525986,239.34536325716684,250.20214044153226,261.9898919927016,172.7602332387758,87.89042077968594,89.22041218551894,80.7881773987497,82.6114858663712,84.88304258832625,0,0,0,0,0,0,0,
163,57.1,SPIC Shanxi,Shanxi,Shanxi,Shanxi,Wutai,,,0.8,,,,,,,479.83727594525214,554.7708038735411,565.260356631544,575.1222220093545,584.6706888592715,983.4780809362715,972.9405973445614,1017.0734735166549,1064.990767085535,702.2715720802131,357.2751831518588,362.6816076392384,328.40451349067143,335.8162753292537,345.0501694974325,0,0,0,0,0,0,0,
164,57.1,SPIC Shanxi,Shanxi,Shanxi,Shanxi,Xing,,,1,,,,,,,1691.9364215890664,1956.1567551391827,1993.1435780626068,2027.9171357956022,2061.5856306033165,3467.8055840756565,3430.6497540172486,3586.2650518032524,3755.224443408363,2476.253743122478,1259.7747720073007,1278.8381648684508,1157.974974525534,1184.1093130429774,1216.668604785087,0,0,0,0,0,0,0,
165,57.1,SPIC Shanxi,Shanxi,Shanxi,Shanxi,Yuanping,,,1,,,,,,,246.30529847402536,284.7694318111669,290.15382471359266,295.21601937241155,300.11734341566176,504.8291877501161,499.42019146880716,522.0740405610251,546.6704691550743,360.4830592418909,183.39294388963026,186.16811594023437,168.57333885991372,172.3778707364215,177.11772145912843,0,0,0,0,0,0,0,
166,58.1,Dongxu Tianyuan,Shanxi,Shanxi,Shanxi,Lin,,,0,,,,,,,43.15812121776192,52.95227299572874,143.12947316435103,73.03793174018213,139.3419797427874,142.27588886056301,135.34240610855284,147.69363257134916,150.46640878804408,153.27414418265263,0.0,0.0,0.0,0.0,0.0,0.0,0.0,0.0,0.0,0.0,0.0,0.0,
167,58.1,Dongxu Tianyuan,Shanxi,Shanxi,Shanxi,Qinyuan,,,0.7,,,,,,,88.4449919679515,108.51638643307173,293.318725357031,149.67841749926833,285.55692257700167,291.56945419410016,277.3604986369919,302.6721687114248,308.3544867385955,314.1084474629582,0.0,0.0,0.0,0.0,0.0,0.0,0.0,0.0,0.0,0.0,0.0,0.0,
168,58.1,Dongxu Tianyuan,Shanxi,Shanxi,Shanxi,Xiaoyi,,,0,,,,,,,98.76630641428662,121.17998356881002,327.5483038786179,167.14552308054954,318.8807176802109,325.5948970453368,309.7277910944554,337.9932712172262,344.3387018733604,350.76413575438903,0.0,0.0,0.0,0.0,0.0,0.0,0.0,0.0,0.0,0.0,0.0,0.0,
169,59.1,East Hope Lingshi,Shanxi,Shanxi,Shanxi,Jiaokou,,,0,,,,,,,0.0,0.0,0.0,0.0,0.0,0.0,272.1716448500645,1237.1618786452082,1414.1589926767374,1479.7779542671237,1294.6100034900587,0,0,0,0,0,0,0,0,0,0,0,
170,59.1,East Hope Lingshi,Shanxi,Shanxi,Shanxi,Lingshi,,,1,,,,,,,0.0,0.0,0.0,0.0,0.0,0.0,511.011510196265,2322.8134595431798,2655.1315545874263,2778.333384367623,2430.674265730698,0,0,0,0,0,0,0,0,0,0,0,
171,59.1,East Hope Lingshi,Shanxi,Shanxi,Shanxi,Wuxiang,,,0.5,,,,,,,0.0,0.0,0.0,0.0,0.0,0.0,54.97327441445402,249.88216346831678,285.6320702066982,298.88579905963223,261.4855453468058,0,0,0,0,0,0,0,0,0,0,0,
172,59.1,East Hope Lingshi,Shanxi,Shanxi,Shanxi,Xiangyuan,,,0.5,,,,,,,0.0,0.0,0.0,0.0,0.0,0.0,134.35026513921667,610.6919275432953,698.0618268291375,730.4528751056212,639.0496604324371,0,0,0,0,0,0,0,0,0,0,0,
173,60,Huaqing,Shanxi,Shanxi,Shanxi,Lin,,,0,,,,,,,12.98206224824767,14.36956419095055,24.197355513231813,24.663852539784845,25.07518418697561,25.453980335249128,25.812265887378278,13.036463999195872,66.43394499182503,103.46074087439273,108.59056903022828,115.33739697140832,125.78414602873364,0,0,0,0,0,0,0,0,0,
174,60,Huaqing,Shanxi,Shanxi,Shanxi,Xiaoyi,,,0.5,,,,,,,85.9442758981338,95.12986193928447,160.1921296067682,163.28044858021516,166.00355989302443,168.5112786247509,170.8832124326217,86.30442816080412,439.808189808175,684.9342029256071,718.8948601697716,763.5604326285915,832.7203446712663,0,0,0,0,0,0,0,0,0,
175,61,Qiangjin Alumimium,Shanxi,Shanxi,Shanxi,Fenxi,,,1,,,,,,,0,0,0,0,0,0,0,0,0,0,0,0,0,0,0,0,0,0,0,0,0,0,
176,61,Qiangjin Alumimium,Shanxi,Shanxi,Shanxi,Jiaokou,,,1,,,,,,,0,0,0,0,0,0,0,0,0,0,0,0,0,0,0,0,0,0,0,0,0,0,
177,61,Qiangjin Alumimium,Shanxi,Shanxi,Shanxi,Xiaoyi,,,0,,,,,,,0,0,0,0,0,0,0,0,0,0,0,0,0,0,0,0,0,0,0,0,0,0,
178,62,Senze,Shanxi,Shanxi,Shanxi,Jiaokou,,,1,,,,,,,12.88113607227791,43.05135745578859,64.8552319474215,130.66030485341963,150.22132587539352,152.0673426598215,154.09689777642336,183.47610093070335,293.59702014995435,291.06492559776416,302.5720605045094,318.52900271473925,341.47061275834494,0,0,0,0,0,0,0,0,0,
179,62,Senze,Shanxi,Shanxi,Shanxi,Liulin,,,1,,,,,,,96.83224030772209,323.63289754421146,487.5406462525785,982.2215965465803,1129.2689903196065,1143.1461778501784,1158.4030905685765,1379.257372669297,2207.076848600046,2188.0421620022353,2274.5455298954903,2394.4997368852605,2566.9602624416543,0,0,0,0,0,0,0,0,0,
180,63,Taixing,Shanxi,Shanxi,Shanxi,Lin,,,0,,,,,,,21.846284452726348,24.28433206797844,25.532933351973263,25.92637434117585,26.282056856390554,26.613624608282446,43.23159693638591,55.109287519647594,142.72598599587735,211.81281055584395,195.4344560618303,0,0,0,0,0,0,0,0,0,0,0,
181,63,Taixing,Shanxi,Shanxi,Shanxi,Xiaoyi,,,0.5,,,,,,,77.13466214648598,85.74289845808666,90.15144849802675,91.54060635882415,92.79644694360945,93.96714334171753,152.6417286636141,194.57937038035243,503.93561125412276,747.866742094156,690.0381972381697,0,0,0,0,0,0,0,0,0,0,0,
182,64,Wusheng,Shanxi,Shanxi,Shanxi,Pinglu,,,0,,,,,,,230.52051795629438,341.07092066273253,578.3767514994092,595.6779587007225,612.6708759528391,629.9395966963725,0.0,0.0,0.0,0.0,0.0,0.0,0.0,0.0,0.0,0.0,0.0,0.0,0.0,0.0,0.0,0.0,
183,64,Wusheng,Shanxi,Shanxi,Shanxi,Xia,,,0,,,,,,,7.790883543705611,11.527146679115157,19.54735290059077,20.132080419277447,20.706388687160864,21.290018263627243,0.0,0.0,0.0,0.0,0.0,0.0,0.0,0.0,0.0,0.0,0.0,0.0,0.0,0.0,0.0,0.0,
184,65,Xinfa - Jiaokou,Shanxi,Shanxi,Shanxi,Fenyang,,,0,,,,,,,0.0,32.996806772587526,42.574369491081534,109.90551197034253,113.86543599295767,117.44327086734884,161.97566526484886,197.0166723171111,184.11285037344894,76.21437804898879,85.16453498068776,164.6891617308068,0,0,0,0,0,0,0,0,0,0,
185,65,Xinfa - Jiaokou,Shanxi,Shanxi,Shanxi,Heshun,,,0,,,,,,,0.0,2.4733080517310455,3.1912036696576145,8.238075567715146,8.53489556114293,8.803075687286146,12.141045036420293,14.76757812734727,13.800359483091153,5.712723542777411,6.3835913438949925,12.344437828451706,0,0,0,0,0,0,0,0,0,0,
186,65,Xinfa - Jiaokou,Shanxi,Shanxi,Shanxi,Jiaokou,,,0,,,,,,,0.0,822.9664661324309,1061.8384575624866,2741.130419621378,2839.894057615339,2929.1280899650756,4039.8012377732,4913.751676137405,4591.920148081789,1900.846885085994,2124.0708798250885,4107.4779864005095,0,0,0,0,0,0,0,0,0,0,
187,65,Xinfa - Jiaokou,Shanxi,Shanxi,Shanxi,Jiexiu,,,0,,,,,,,0.0,15.33621327104585,19.78766051198514,51.08174202604758,52.922230403196124,54.585131879099926,75.28284068035771,91.56915471945328,85.57173300821037,35.42282027879239,39.58266266778066,76.54401606617513,0,0,0,0,0,0,0,0,0,0,
188,65,Xinfa - Jiaokou,Shanxi,Shanxi,Shanxi,Lin,,,0,,,,,,,0.0,82.1728169112876,106.02407358431223,273.7005909366689,283.56209401893966,292.4720704326698,403.3722650080753,490.6358077119952,458.5010800900092,189.79867284097517,212.08748435975477,410.1297567200258,0,0,0,0,0,0,0,0,0,0,
189,65,Xinfa - Jiaokou,Shanxi,Shanxi,Shanxi,Loufan,,,0,,,,,,,0.0,86.62731930113841,111.77152763195559,288.53761347354026,298.9336983153108,308.3266752238557,425.23865326172165,517.2326612719619,483.35594370281524,200.0874602227365,223.58452488299622,432.36246152593026,0,0,0,0,0,0,0,0,0,0,
190,65,Xinfa - Jiaokou,Shanxi,Shanxi,Shanxi,Wutai,,,0,,,,,,,0.0,21.905017933851596,28.263108416882538,72.96106642475289,75.58987251892734,77.96502771585406,107.52797617439954,130.79004190064114,122.22380538450746,50.59511756656958,56.53670304939652,109.32933802010494,0,0,0,0,0,0,0,0,0,0,
191,65,Xinfa - Jiaokou,Shanxi,Shanxi,Shanxi,Xiaoyi,,,0,,,,,,,0.0,120.88959731855793,155.9786805838469,402.65814740056953,417.16602459624187,430.2740510855434,593.4262998303337,721.8051839259882,674.5297657502024,279.22476061777104,312.0152325827691,603.3676707440643,0,0,0,0,0,0,0,0,0,0,
192,65,Xinfa - Jiaokou,Shanxi,Shanxi,Shanxi,Zhongyang,,,0,,,,,,,0.0,27.902466823732972,36.00136038779177,92.93732337898561,96.28587917794597,99.31133614326752,136.96842417064323,166.59948948809696,155.68787412592485,64.44772579539496,72.01607804763172,139.26298696393172,0,0,0,0,0,0,0,0,0,0,
193,66,Xinfa - Xiaoyi,Shanxi,Shanxi,Shanxi,Fenyang,,,0,,,,,,,0.0,0.0,0.0,17.817802430765497,77.182744603522,163.05417738186077,194.101723346692,240.10395469075326,256.3566431681011,407.6971677547396,0,0,0,0,0,0,0,0,0,0,0,0,
194,66,Xinfa - Xiaoyi,Shanxi,Shanxi,Shanxi,Heshun,,,0,,,,,,,0.0,0.0,0.0,1.335550877854285,5.785308413368026,12.221885980963629,14.549085276705854,17.99722770019199,19.215463924763345,30.559341557933923,0,0,0,0,0,0,0,0,0,0,0,0,
195,66,Xinfa - Xiaoyi,Shanxi,Shanxi,Shanxi,Jiexiu,,,0,,,,,,,0.0,0.0,0.0,8.281335220597224,35.87289643552561,75.78411014853184,90.2143484964279,111.59520621644859,119.1491097934944,189.48896351187153,0,0,0,0,0,0,0,0,0,0,0,0,
196,66,Xinfa - Xiaoyi,Shanxi,Shanxi,Shanxi,Lin,,,0,,,,,,,0.0,0.0,0.0,45.85121406920897,198.6172289773857,419.5933825770495,499.48918801594294,617.868441866902,659.692089955418,1049.142293881056,0,0,0,0,0,0,0,0,0,0,0,0,
197,66,Xinfa - Xiaoyi,Shanxi,Shanxi,Shanxi,Lingshi,,,1,,,,,,,0.0,0.0,0.0,46.353193908984025,200.79169364102893,424.1870977759269,504.9576037964095,624.6328756501003,666.9144097203177,1060.628320833117,0,0,0,0,0,0,0,0,0,0,0,0,
198,66,Xinfa - Xiaoyi,Shanxi,Shanxi,Shanxi,Loufan,,,0,,,,,,,0.0,0.0,0.0,46.777510039936104,202.62973644645817,428.0700972620353,509.57997474151495,630.3507514362165,673.0193297515967,1070.3372894612069,0,0,0,0,0,0,0,0,0,0,0,0,
199,66,Xinfa - Xiaoyi,Shanxi,Shanxi,Shanxi,Yu,,,0,,,,,,,0.0,0.0,0.0,5.1543021857249895,22.32728703531233,47.16802232691543,56.14940118380577,69.45684481981283,74.158393625745,117.93791131299801,0,0,0,0,0,0,0,0,0,0,0,0,
200,66,Xinfa - Xiaoyi,Shanxi,Shanxi,Shanxi,Xiaoyi,,,0,,,,,,,0.0,0.0,0.0,195.83594641644538,848.317624756609,1792.1328552614214,2133.3772691871395,2638.989032901452,2817.6227697015242,4481.010551598282,0,0,0,0,0,0,0,0,0,0,0,0,
201,66,Xinfa - Xiaoyi,Shanxi,Shanxi,Shanxi,Xiyang,,,0,,,,,,,0.0,0.0,0.0,6.584834670200867,28.52403457617054,60.259103473459625,71.7331872101201,88.73399800247333,94.74042146493258,150.6705698194662,0,0,0,0,0,0,0,0,0,0,0,0,
202,66,Xinfa - Xiaoyi,Shanxi,Shanxi,Shanxi,Yangquan,,,0,,,,,,,0.0,0.0,0.0,26.27493746383336,113.81716660203395,240.44706582489147,286.2311815597737,354.06815283940614,378.03510246862203,601.2086860072753,0,0,0,0,0,0,0,0,0,0,0,0,
203,66,Xinfa - Xiaoyi,Shanxi,Shanxi,Shanxi,Zhongyang,,,0,,,,,,,0.0,0.0,0.0,15.066931916449349,65.26658731258605,137.88042598694395,164.13457618546798,203.03457467624398,216.77802882548497,344.75325972205104,0,0,0,0,0,0,0,0,0,0,0,0,
204,67.1,Xingan Chemical,Shanxi,Shanxi,Shanxi,Fenyang,,,0,,,,,,,47.98095414137704,101.39015093698637,261.44178883592065,289.2062818331307,300.8862144551427,312.59674062007343,361.9865004296888,395.90294703548824,420.4269390635601,0,0,0,0,0,0,0,0,0,0,0,0,0,
205,67.1,Xingan Chemical,Shanxi,Shanxi,Shanxi,Heshun,,,0,,,,,,,1.7982297666370792,3.799899162519711,9.798313004412991,10.838870422593109,11.276610832075818,11.715497826084153,13.566526798851413,14.837647078898334,15.756757030978656,0,0,0,0,0,0,0,0,0,0,0,0,0,
206,67.1,Xingan Chemical,Shanxi,Shanxi,Shanxi,Jiexiu,,,0,,,,,,,22.300525953751652,47.12398352402107,121.51257726454578,134.41692249396039,139.84550650685378,145.28830974714856,168.243618581536,184.0072608709962,195.4054902413453,0,0,0,0,0,0,0,0,0,0,0,0,0,
207,67.1,Xingan Chemical,Shanxi,Shanxi,Shanxi,Lin,,,0,,,,,,,99.57352812058795,210.41213594309156,542.5628101484691,600.1816835886592,624.4207201021399,648.7232465369997,751.2204295396778,821.6062797231075,872.500232407772,0,0,0,0,0,0,0,0,0,0,0,0,0,
208,67.1,Xingan Chemical,Shanxi,Shanxi,Shanxi,Loufan,,,0,,,,,,,157.45695724308996,332.72753630358136,857.9618580530599,949.0753564186077,987.4048703763209,1025.8347817993508,1187.9149537708101,1299.2170439149818,1379.69633477727,0,0,0,0,0,0,0,0,0,0,0,0,0,
209,67.1,Xingan Chemical,Shanxi,Shanxi,Shanxi,Yu,,,0,,,,,,,6.939922524001679,14.664981236642982,37.814707763242154,41.83053933155734,43.51991439574394,45.213714482762825,52.35740540536993,57.26305007096247,60.810178461793804,0,0,0,0,0,0,0,0,0,0,0,0,0,
210,67.1,Xingan Chemical,Shanxi,Shanxi,Shanxi,Ningwu,,,0,,,,,,,31.124998183906122,65.7712694599845,169.5959438142523,187.6066276278534,195.18333984947986,202.77989794505407,234.81878112041318,256.820205600209,272.7287931011319,0,0,0,0,0,0,0,0,0,0,0,0,0,
211,67.1,Xingan Chemical,Shanxi,Shanxi,Shanxi,Pinglu,,,0,,,,,,,91.6549717109945,193.67917087520104,499.41565749655973,552.4524064684792,574.7638405200513,597.1337154751219,691.4798392479993,756.2682747808234,803.1149004012843,0,0,0,0,0,0,0,0,0,0,0,0,0,
212,67.1,Xingan Chemical,Shanxi,Shanxi,Shanxi,Wutai,,,0,,,,,,,63.70456803399095,134.61624271393634,347.11765369966867,383.98071873706755,399.48822740725757,415.036355287114,480.6114021005499,525.6424486675693,558.2030833313576,0,0,0,0,0,0,0,0,0,0,0,0,0,
213,67.1,Xingan Chemical,Shanxi,Shanxi,Shanxi,Xiaoyi,,,0,,,,,,,263.6799796441499,557.1909398968568,1436.7568713882022,1589.337016559204,1653.5242435772948,1717.8795978224987,1989.3016879888596,2175.689977064313,2310.4619055195426,0,0,0,0,0,0,0,0,0,0,0,0,0,
214,67.1,Xingan Chemical,Shanxi,Shanxi,Shanxi,Xiyang,,,0,,,,,,,8.866038659270803,18.735121340603342,48.30985645133862,53.44024772165388,55.598494384680016,57.762394197775684,66.88875543173306,73.15591981337661,77.68752334839324,0,0,0,0,0,0,0,0,0,0,0,0,0,
215,67.1,Xingan Chemical,Shanxi,Shanxi,Shanxi,Yangquan,,,0,,,,,,,35.37744271650792,74.75725151739104,192.76694417104176,213.23833283220716,221.850211329879,230.4846471387062,266.90083413862175,291.90819733962644,309.99029134294324,0,0,0,0,0,0,0,0,0,0,0,0,0,
216,67.1,Xingan Chemical,Shanxi,Shanxi,Shanxi,Zhongyang,,,0,,,,,,,40.57322850173454,85.73663936883186,221.07808458928662,244.556048685027,254.43272962308043,264.3352808013101,306.09981104588934,334.7799355396471,355.51769597262717,0,0,0,0,0,0,0,0,0,0,0,0,0,
217,68,Yangquan Zhaofeng,Shanxi,Shanxi,Shanxi,Heshun,,,0.5,,,,,,,11.138336896258819,12.271244856258576,24.860446999392245,43.889214243596804,48.16649442699435,49.78607883322589,51.42900963666459,60.88793356700635,63.35828075799572,32.734606399251774,42.13467974990786,56.6925529801653,0,0,0,0,0,0,0,0,0,0,
218,68,Yangquan Zhaofeng,Shanxi,Shanxi,Shanxi,Yu,,,1,,,,,,,35.82189391674367,39.465427878638536,79.95343500825314,141.15166306842752,154.90778109654363,160.11651031075206,165.40032363957124,195.82107430954423,203.76593320879968,105.27744031824152,135.50892222735067,182.32835275497683,0,0,0,0,0,0,0,0,0,0,
219,68,Yangquan Zhaofeng,Shanxi,Shanxi,Shanxi,Pinglu,,,0,,,,,,,217.62449714612742,239.75962624162128,485.73160674354347,857.5219324807413,941.0928423692401,972.7368162654001,1004.8369397644763,1189.6485128975812,1237.9149704686376,639.5795281884814,823.2412593002739,1107.677784318293,0,0,0,0,0,0,0,0,0,0,
220,68,Yangquan Zhaofeng,Shanxi,Shanxi,Shanxi,Wutai,,,0,,,,,,,32.882474838001464,36.22703317156885,73.39273632435736,129.5692522560948,142.1965914464629,146.9779105950888,151.8281527190091,179.75268319702894,187.0456148173789,96.63874250533945,124.38953495372891,167.36712708865008,0,0,0,0,0,0,0,0,0,0,
221,68,Yangquan Zhaofeng,Shanxi,Shanxi,Shanxi,Wuxiang,,,0.5,,,,,,,18.483234862334857,20.363210669954526,41.2540476151995,72.83085996978645,79.92868569889522,82.61626457521811,85.34258504705815,101.03896002456392,105.13831594707173,54.32062468919245,69.91934154266714,94.0770405346346,0,0,0,0,0,0,0,0,0,0,
222,68,Yangquan Zhaofeng,Shanxi,Shanxi,Shanxi,Xia,,,0,,,,,,,6.395685006536966,7.046206042221435,14.27498464184767,25.201391563290176,27.657425798248703,28.587398719720973,29.530777251381288,34.96213549837238,36.38062037968876,18.796363702457604,24.193929672053308,32.55312839382089,0,0,0,0,0,0,0,0,0,0,
223,68,Yangquan Zhaofeng,Shanxi,Shanxi,Shanxi,Xiyang,,,1,,,,,,,18.305581666621368,20.167487925670386,40.85753080147381,72.13083991828775,79.1604442871863,81.82219126883994,84.52230747784563,100.06781540222785,104.12777001401138,53.798517350241006,69.24730580001963,93.17281099804504,0,0,0,0,0,0,0,0,0,0,
224,68,Yangquan Zhaofeng,Shanxi,Shanxi,Shanxi,Yuanping,,,0,,,,,,,20.25468595481319,22.31484046075299,45.207875408948944,79.81103997726578,87.58912818400356,90.53428721726563,93.52190087800135,110.72263160324012,115.21487375921683,59.52676585801272,76.62047881023078,103.09347502099241,0,0,0,0,0,0,0,0,0,0,
225,68,Yangquan Zhaofeng,Shanxi,Shanxi,Shanxi,Yangquan,,,1,,,,,,,73.04329382026101,80.47270898020014,163.0305270519839,287.8179032825093,315.86756959242535,326.48852501448835,337.26258208599216,399.29257510043556,415.49268624719934,214.6679073887821,276.31196844376774,371.779992230422,0,0,0,0,0,0,0,0,0,0,
226,69,Gangyuan Jiaohua,Shanxi,Henan,Henan,Xin'an,,,0,,,,,,,63.969119645657116,81.67262350340087,148.385103272,0,0,0,0,0,0,0,0,0,0,0,0,0,0,0,0,0,0,0,
227,70.1,Xinghua (Chalco Jiaokou),Shanxi,Shanxi,Shanxi,Jiaokou,,,0.9,,,,,,,0.0,0.0,0.0,0.0,0.0,277.53844119689273,469.0845453536366,845.1929825438933,1436.2249080482866,1073.2356037187594,505.6773024210586,513.4641168348434,522.8219944386971,354.480325959417,359.41747966552975,363.41020386265006,366.4178655929514,369.49290759182776,372.64906332401887,375.8969236137732,379.248401343767,190.92246717562054,
228,70.1,Xinghua (Chalco Jiaokou),Shanxi,Shanxi,Shanxi,Xiaoyi,,,1,,,,,,,0.0,0.0,0.0,0.0,0.0,128.42231380310724,217.05433821636336,391.08686335610673,664.5685730517137,496.60652013124064,233.9865026789414,237.58960976515658,241.91967766130293,164.02478684058298,166.30930173447035,168.15681113735005,169.54851340704872,170.9713938081723,172.43180707598114,173.93465378622685,175.48544625623302,88.34345572437947,
229,71,Tiantong,Shanxi,Shanxi,Shanxi,Jiaokou,,,0.9,,,,,,,0.0,0.0,0.0,0.0,40.27023630000001,44.140575760000004,45.46058162,46.58785414,121.00420100000001,0.0,0.0,0.0,0.0,0.0,0.0,0.0,0.0,0.0,0.0,0.0,0.0,0.0,
230,72,Fusheng,Shanxi,Shanxi,Shanxi,Pinglu,,,0.2,,,,,,,0.0,0.0,0.0,0.0,324.8588084576543,1346.7406082429422,1664.8308129838645,2007.5664287406619,2121.753629164633,2252.496772934752,2440.8679827004653,0,0,0,0,0,0,0,0,0,0,0,
231,72,Fusheng,Shanxi,Shanxi,Shanxi,Xia,,,0.2,,,,,,,0.0,0.0,0.0,0.0,15.370918102345692,63.72195875705751,78.77261571613582,94.9893872593383,100.39223323536724,106.57843506524826,115.49134849953484,0,0,0,0,0,0,0,0,0,0,0,
232,73,YMG - Wenshan,Yunnan,Other,Yunnan,Malipo,,,1,,,,,,,0.0,6.609971603202919,5.753439884396435,17.555430278903227,17.870267664167628,18.126106906921358,30.702774144909903,26.53543039619651,46.129648877368844,52.11709760290599,53.466799615130384,55.07660736257663,56.99059483209685,59.23681878742294,0,0,0,0,0,0,0,0,
233,73,YMG - Wenshan,Yunnan,Other,Yunnan,Wenshan,,,1,,,,,,,0.0,305.302178702055,265.74058667459104,810.852365780828,825.3941135262352,837.2108478329831,1418.103495950882,1225.6217120252015,2130.641877220356,2407.1908929358797,2469.531094931754,2543.8850925115066,2632.288580382741,2736.037447788088,0,0,0,0,0,0,0,0,
234,73,YMG - Wenshan,Yunnan,Other,Yunnan,Xichou,,,1,,,,,,,0.0,236.68284201474208,206.0130640410125,628.6061999402685,639.8795626095971,649.0403824600954,1099.372323904208,950.1525055286018,1651.761467802275,1866.1536718612151,1914.4823678531154,1972.1246537259176,2040.6586839851618,2121.0890854244903,0,0,0,0,0,0,0,0,
235,,,,Other,,,,,,,,,,,,0,0,0,0,0,0,0,0,0,0,0,0,0,0,0,0,0,0,0,0,0,0,
236,,,,Other,,,,,,,,,,,,0,0,0,0,0,0,0,0,0,0,0,0,0,0,0,0,0,0,0,0,0,0,
237,,,,Other,,,,,,,,,,,,0,0,0,0,0,0,0,0,0,0,0,0,0,0,0,0,0,0,0,0,0,0,
238,,,,Other,,,,,,,,,,,,0,0,0,0,0,0,0,0,0,0,0,0,0,0,0,0,0,0,0,0,0,0,
239,,,,Other,,,,,,,,,,,,0,0,0,0,0,0,0,0,0,0,0,0,0,0,0,0,0,0,0,0,0,0,
240,,,,Other,,,,,,,,,,,,0,0,0,0,0,0,0,0,0,0,0,0,0,0,0,0,0,0,0,0,0,0,
241,,,,Other,,,,,,,,,,,,0,0,0,0,0,0,0,0,0,0,0,0,0,0,0,0,0,0,0,0,0,0,
242,,,,Other,,,,,,,,,,,,0,0,0,0,0,0,0,0,0,0,0,0,0,0,0,0,0,0,0,0,0,0,
243,,,,Other,,,,,,,,,,,,0,0,0,0,0,0,0,0,0,0,0,0,0,0,0,0,0,0,0,0,0,0,
244,,,,Other,,,,,,,,,,,,0,0,0,0,0,0,0,0,0,0,0,0,0,0,0,0,0,0,0,0,0,0,
245,,,,Other,,,,,,,,,,,,0,0,0,0,0,0,0,0,0,0,0,0,0,0,0,0,0,0,0,0,0,0,
246,,,,,,,,,,,,,,,,0,0,0,0,0,0,0,0,0,0,0,0,0,0,0,0,0,0,0,0,0,0,
247,,,,,,,,,,,,,,,,0,0,0,0,0,0,0,0,0,0,0,0,0,0,0,0,0,0,0,0,0,0,
