Mine,Total Alumina,LT Avail. Alumina,Total Silica,LT R.Silica,Quartz / HT Silica,Mono-hydrate / HT Extble Alumina,Moisture,Processing,Cargo Tonnage,Double Leg Shipping? (South America special transload leg),Exporting Port,South America special transloading Port,South america special transloading cargo tonnage,Importing Port,Specific Index,General Index,Price Type,Price Basis,Price FOB,Freight (adjusted to Qingdao),Price CIF (Port adjustyed to Qingdao),"Processing Penalties to be applied (for organics, goehtite, impurities, crushing etc)",EXPLANITORY NOTES RECORD (on changes made to final spec etc),Old CBIX type Calc,INDEX VALUE  Guinea 45/3 LT,INDEX VALUE  Indonesian LT,INDEX VALUE  Australia HT,CBIX LT,CBIX HT,Old CBIX
West Kalimantan Generic,0.48,0.44,0.08,0.035,0.045,0.005,0.15,LT,77000.0,No,West_Kal_Generic_Offshore,0,0,Qingdao,Indonesian LT,CBIX LT,CIF,dmt,39.89234290264898,5.107657097351021,45.0,0.33,,CBIX,0,48.300104036513154,0,43.334194778408275,0,42.996694778408255
West Kalimantan Generic,0.48,0.44,0.08,0.035,0.045,0.005,0.15,LT,153000.0,No,West_Kal_Generic_Offshore,0,0,Qingdao,Indonesian LT,CBIX LT,CIF,dmt,40.452683195906666,4.547316804093335,45.0,0.33,,CBIX,0,44.964234745016306,0,43.334194778408275,0,42.996694778408255
Weipa/Amrun Generic,0.53,0.3625,0.08999999999999998,0.0675,0.0225,0.1,0.13,HT-D,78000.0,No,Weipa_Amrun_Wharf,0,0,Qingdao,Australia HT,CBIX HT,CIF,dmt,39.38899404951367,5.7460059504863255,45.135,0.67,,CBIX,0,0,46.59689161437465,0,54.56185964037942,56.809248926905944
Malaysia Kuantan washed,0.43,0.388,0.042,0.037,0.005,0.004999999999999979,0.17,LT,47000.0,No,Kuantan_wharf,0,0,Qingdao,CBIX LT,CBIX LT,CIF,dmt,38.383098147362496,6.751901852637503,45.135,1.17,,CBIX,0,0,0,52.82309295225989,0,51.46613418937328
Malaysia Kuantan washed,0.43,0.388,0.042,0.037,0.005,0.004999999999999979,0.17,LT,75000.0,No,Kuantan_wharf,0,0,Qingdao,CBIX LT,CBIX LT,CIF,dmt,39.81425327427441,5.32074672572559,45.135,1.17,,CBIX,0,0,0,52.82309295225989,0,51.46613418937328
India Gujarat,0.48,0.405,0.07,0.0525,0.0175,0.0225,0.07,LT,151000.0,No,Gujarat_wharf,0,0,Qingdao,CBIX LT,CBIX LT,CIF,dmt,38.67339170975128,6.461608290248719,45.135,0.8299999999999998,,CBIX,0,0,0,53.37454699377793,0,52.45232477155572
India Gujarat,0.48,0.405,0.07,0.0525,0.0175,0.0225,0.07,LT,76000.0,No,Gujarat_wharf,0,0,Qingdao,CBIX LT,CBIX LT,CIF,dmt,37.16162828596255,7.973371714037451,45.135,0.8299999999999998,,CBIX,0,0,0,53.37454699377793,0,52.45232477155572
India Gujarat,0.48,0.405,0.07,0.0525,0.0175,0.0225,0.07,LT,47000.0,No,Gujarat_wharf,0,0,Qingdao,CBIX LT,CBIX LT,CIF,dmt,34.64730793765277,10.48769206234723,45.135,0.8299999999999998,,CBIX,0,0,0,53.37454699377793,0,52.45232477155572
SMB Generic,0.448,0.4,0.023,0.013,0.01,0.035,0.1,LT,151000.0,No,SMB-WAP_Nunez_Offshore,0,0,Qingdao,Guinea 45/3 LT,CBIX LT,CIF,dmt,32.85851185049352,12.276488149506475,45.135,0.33,,CBIX,38.9021517428983,0,0,43.901784249345646,0,43.530534249345635
