Mine,Calculated Index Price Equivalent,Total Alumina,LT Avail. Alumina,Total Silica,LT R.Silica,Quartz / HT Silica,Mono-hydrate / HT Alumina,Moisture,Processing,Processing Penalties
West Kalimantan Generic,46.28310798498505,0.5,0.45,0.05,0.05,0.0,0.0,0.1,LT,0.0
West Kalimantan Generic,46.28310798498505,0.5,0.45,0.05,0.05,0.0,0.0,0.1,LT,0.0
West Kalimantan Generic,44.66636213549309,0.5,0.45,0.05,0.05,0.0,0.0,0.1,LT,0.0
West Kalimantan Generic,44.66636213549309,0.5,0.45,0.05,0.05,0.0,0.0,0.1,LT,0.0
West Kalimantan Generic,46.95309982980415,0.5,0.45,0.05,0.05,0.0,0.0,0.1,LT,0.0
West Kalimantan Generic,46.95309982980415,0.5,0.45,0.05,0.05,0.0,0.0,0.1,LT,0.0
West Kalimantan Generic,44.83166874121632,0.5,0.45,0.05,0.05,0.0,0.0,0.1,LT,0.0
West Kalimantan Generic,44.83166874121632,0.5,0.45,0.05,0.05,0.0,0.0,0.1,LT,0.0
