{"Margin Analysis preparation sheets": {"Full Supply": {"db_type": "multiple year single output", "config": {"label": "Year"}}, "Moisture": {"db_type": "multiple year single output", "config": {"label": "Year"}}, "Cash Cost Cfr": {"db_type": "multiple year single output", "config": {"label": "Year"}}, "Sustaining Capital": {"db_type": "multiple year single output", "config": {"label": "Year"}}, "Cash Fob": {"db_type": "multiple year single output", "config": {"label": "Year"}}, "Capital": {"db_type": "multiple year single output", "config": {"label": "Year"}}, "Full Fob": {"db_type": "single year multiple output", "model": "Margin Analysis preparation sheets"}, "Freight": {"db_type": "multiple year single output", "config": {"label": "Year"}}, "Cash Price": {"db_type": "multiple year single output", "config": {"label": "Year"}}, "Full Price": {"db_type": "multiple year single output", "config": {"label": "Year"}}, "Full Cost Cfr": {"db_type": "multiple year single output", "config": {"label": "Year"}}, "Viu Cash Cost": {"db_type": "multiple year single output", "config": {"label": "Year"}}, "Viu Cash Sustaining Capital": {"db_type": "multiple year single output", "config": {"label": "Year"}}, "Viu Full Cost": {"db_type": "multiple year single output", "config": {"label": "Year"}}, "Cash Sustaining Capital": {"db_type": "single year multiple output", "model": "Margin Analysis preparation sheets"}, "Final Name": {"db_type": "single year multiple output", "model": "Margin Analysis preparation sheets"}, "Final Name 2": {"db_type": "single year multiple output", "model": "Margin Analysis preparation sheets"}, "Cash Fob'S": {"db_type": "single year multiple output", "model": "Margin Analysis preparation sheets"}, "Cash + Sustaining Capital Fob": {"db_type": "single year multiple output", "model": "Margin Analysis preparation sheets"}, "Cash Cost Cfr'S": {"db_type": "single year multiple output", "model": "Margin Analysis preparation sheets"}, "Full Cost Cfr'S": {"db_type": "single year multiple output", "model": "Margin Analysis preparation sheets"}, "Viu Cash Cost Cfr'S": {"db_type": "single year multiple output", "model": "Margin Analysis preparation sheets"}, "Viu Cash Cost + Sustaining Capital Cfr'S": {"db_type": "single year multiple output", "model": "Margin Analysis preparation sheets"}, "Viu Full Cost Cfr'S": {"db_type": "single year multiple output", "model": "Margin Analysis preparation sheets"}, "Cash Price'S": {"db_type": "single year multiple output", "model": "Margin Analysis preparation sheets"}, "Full Price'S": {"db_type": "single year multiple output", "model": "Margin Analysis preparation sheets"}, "Cash-Cash Margin'S": {"db_type": "single year multiple output", "model": "Margin Analysis preparation sheets"}, "Full Margin'S": {"db_type": "single year multiple output", "model": "Margin Analysis preparation sheets"}, "Freight'S": {"db_type": "single year multiple output", "model": "Margin Analysis preparation sheets"}, "Cash Fob Ranking": {"db_type": "single year multiple output", "model": "Margin Analysis preparation sheets"}, "Cash Sustain Capacity Fob Ranking": {"db_type": "single year multiple output", "model": "Margin Analysis preparation sheets"}, "Full Fob Ranking": {"db_type": "single year multiple output", "model": "Margin Analysis preparation sheets"}, "Cash Cost Ranking": {"db_type": "single year multiple output", "model": "Margin Analysis preparation sheets"}, "Cash Sustain Capacity Ranking": {"db_type": "single year multiple output", "model": "Margin Analysis preparation sheets"}, "Full Cost Ranking": {"db_type": "single year multiple output", "model": "Margin Analysis preparation sheets"}, "Viu Cash Cost Ranking": {"db_type": "single year multiple output", "model": "Margin Analysis preparation sheets"}, "Viu Full Cost Ranking": {"db_type": "single year multiple output", "model": "Margin Analysis preparation sheets"}, "Cash Price Ranking": {"db_type": "single year multiple output", "model": "Margin Analysis preparation sheets"}, "Full Price Ranking": {"db_type": "single year multiple output", "model": "Margin Analysis preparation sheets"}, "Cash Margin Ranking": {"db_type": "single year multiple output", "model": "Margin Analysis preparation sheets"}, "Full Margin Ranking": {"db_type": "single year multiple output", "model": "Margin Analysis preparation sheets"}, "Freight Ranking": {"db_type": "single year multiple output", "model": "Margin Analysis preparation sheets"}}, "ROW minind model": {"Fx Rates To Mines As Index": {"db_type": "multiple year single output", "config": {"label": "Year"}}, "Cbg": {"db_type": "multiple year multiple output", "config": {"label": "Year", "make_multi": null, "field": "Field"}}, "Dian Dian": {"db_type": "multiple year multiple output", "config": {"label": "Year", "make_multi": null, "field": "Field"}}, "Gac": {"db_type": "multiple year multiple output", "config": {"label": "Year", "make_multi": null, "field": "Field"}}, "Cbk Kindia": {"db_type": "multiple year multiple output", "config": {"label": "Year", "make_multi": null, "field": "Field"}}, "Fria Kimbo": {"db_type": "multiple year multiple output", "config": {"label": "Year", "make_multi": null, "field": "Field"}}, "Alufer (Bel Air)": {"db_type": "multiple year multiple output", "config": {"label": "Year", "make_multi": null, "field": "Field"}}, "Dynamic": {"db_type": "multiple year multiple output", "config": {"label": "Year", "make_multi": null, "field": "Field"}}, "Amc": {"db_type": "multiple year multiple output", "config": {"label": "Year", "make_multi": null, "field": "Field"}}, "Gdm": {"db_type": "multiple year multiple output", "config": {"label": "Year", "make_multi": null, "field": "Field"}}, "Henan-Chine": {"db_type": "multiple year multiple output", "config": {"label": "Year", "make_multi": null, "field": "Field"}}, "Smb Santou-Houda": {"db_type": "multiple year multiple output", "config": {"label": "Year", "make_multi": null, "field": "Field"}}, "Smb Sh No Rail Capital": {"db_type": "multiple year multiple output", "config": {"label": "Year", "make_multi": null, "field": "Field"}}, "Amr": {"db_type": "multiple year multiple output", "config": {"label": "Year", "make_multi": null, "field": "Field"}}, "Smb Malapouya": {"db_type": "multiple year multiple output", "config": {"label": "Year", "make_multi": null, "field": "Field"}}, "Ashapura Guinea": {"db_type": "multiple year multiple output", "config": {"label": "Year", "make_multi": null, "field": "Field"}}, "Smb Kaboye": {"db_type": "multiple year multiple output", "config": {"label": "Year", "make_multi": null, "field": "Field"}}, "Smb Dabiss S": {"db_type": "multiple year multiple output", "config": {"label": "Year", "make_multi": null, "field": "Field"}}, "Dabiss N": {"db_type": "multiple year multiple output", "config": {"label": "Year", "make_multi": null, "field": "Field"}}, "Agb2A": {"db_type": "multiple year multiple output", "config": {"label": "Year", "make_multi": null, "field": "Field"}}, "Chalco Boffa": {"db_type": "multiple year multiple output", "config": {"label": "Year", "make_multi": null, "field": "Field"}}, "Rundi": {"db_type": "multiple year multiple output", "config": {"label": "Year", "make_multi": null, "field": "Field"}}, "Spic": {"db_type": "multiple year multiple output", "config": {"label": "Year", "make_multi": null, "field": "Field"}}, "Metro Bh1": {"db_type": "multiple year multiple output", "config": {"label": "Year", "make_multi": null, "field": "Field"}}, "Metro Blend": {"db_type": "multiple year multiple output", "config": {"label": "Year", "make_multi": null, "field": "Field"}}, "Metro Lt": {"db_type": "multiple year multiple output", "config": {"label": "Year", "make_multi": null, "field": "Field"}}, "Kuantan": {"db_type": "multiple year multiple output", "config": {"label": "Year", "make_multi": null, "field": "Field"}}, "Abx Tasmania": {"db_type": "multiple year multiple output", "config": {"label": "Year", "make_multi": null, "field": "Field"}}, "Goa": {"db_type": "multiple year multiple output", "config": {"label": "Year", "make_multi": null, "field": "Field"}}, "Gujarat & Maharashtra": {"db_type": "multiple year multiple output", "config": {"label": "Year", "make_multi": null, "field": "Field"}}, "West Kalimantan": {"db_type": "multiple year multiple output", "config": {"label": "Year", "make_multi": null, "field": "Field"}}, "Bintan": {"db_type": "multiple year multiple output", "config": {"label": "Year", "make_multi": null, "field": "Field"}}, "Aurum Xinfa-Fiji": {"db_type": "multiple year multiple output", "config": {"label": "Year", "make_multi": null, "field": "Field"}}, "Dom. Rep.": {"db_type": "multiple year multiple output", "config": {"label": "Year", "make_multi": null, "field": "Field"}}, "Discovery Bay": {"db_type": "multiple year multiple output", "config": {"label": "Year", "make_multi": null, "field": "Field"}}, "Awaso": {"db_type": "multiple year multiple output", "config": {"label": "Year", "make_multi": null, "field": "Field"}}, "Solomon Islands": {"db_type": "multiple year multiple output", "config": {"label": "Year", "make_multi": null, "field": "Field"}}, "Metallica": {"db_type": "multiple year multiple output", "config": {"label": "Year", "make_multi": null, "field": "Field"}}, "Aurukun": {"db_type": "multiple year multiple output", "config": {"label": "Year", "make_multi": null, "field": "Field"}}, "Malaysia Other": {"db_type": "multiple year multiple output", "config": {"label": "Year", "make_multi": null, "field": "Field"}}, "Mrn": {"db_type": "multiple year multiple output", "config": {"label": "Year", "make_multi": null, "field": "Field"}}, "Juruti": {"db_type": "multiple year multiple output", "config": {"label": "Year", "make_multi": null, "field": "Field"}}, "Mirai": {"db_type": "multiple year multiple output", "config": {"label": "Year", "make_multi": null, "field": "Field"}}, "Amrun": {"db_type": "multiple year multiple output", "config": {"label": "Year", "make_multi": null, "field": "Field"}}, "Amrun Ht": {"db_type": "multiple year multiple output", "config": {"label": "Year", "make_multi": null, "field": "Field"}}, "Rondon Do Para": {"db_type": "multiple year multiple output", "config": {"label": "Year", "make_multi": null, "field": "Field"}}, "Huntly": {"db_type": "multiple year multiple output", "config": {"label": "Year", "make_multi": null, "field": "Field"}}, "Vietnam Others": {"db_type": "multiple year multiple output", "config": {"label": "Year", "make_multi": null, "field": "Field"}}, "Weipa": {"db_type": "multiple year multiple output", "config": {"label": "Year", "make_multi": null, "field": "Field"}}, "Gove": {"db_type": "multiple year multiple output", "config": {"label": "Year", "make_multi": null, "field": "Field"}}, "Kurubuka": {"db_type": "multiple year multiple output", "config": {"label": "Year", "make_multi": null, "field": "Field"}}, "Guyana Others": {"db_type": "multiple year multiple output", "config": {"label": "Year", "make_multi": null, "field": "Field"}}, "Ucrusal": {"db_type": "multiple year multiple output", "config": {"label": "Year", "make_multi": null, "field": "Field"}}, "Jamaica Other": {"db_type": "multiple year multiple output", "config": {"label": "Year", "make_multi": null, "field": "Field"}}, "Other Ghana": {"db_type": "multiple year multiple output", "config": {"label": "Year", "make_multi": null, "field": "Field"}}, "Mokanji": {"db_type": "multiple year multiple output", "config": {"label": "Year", "make_multi": null, "field": "Field"}}, "Boddington": {"db_type": "multiple year multiple output", "config": {"label": "Year", "make_multi": null, "field": "Field"}}, "Qbl South Johnston": {"db_type": "multiple year multiple output", "config": {"label": "Year", "make_multi": null, "field": "Field"}}, "Indonesia Other": {"db_type": "multiple year multiple output", "config": {"label": "Year", "make_multi": null, "field": "Field"}}, "Willowdale": {"db_type": "multiple year multiple output", "config": {"label": "Year", "make_multi": null, "field": "Field"}}, "Paragominas": {"db_type": "multiple year multiple output", "config": {"label": "Year", "make_multi": null, "field": "Field"}}, "Cataguases": {"db_type": "multiple year multiple output", "config": {"label": "Year", "make_multi": null, "field": "Field"}}, "Pocos De Caldas, Alcoa": {"db_type": "multiple year multiple output", "config": {"label": "Year", "make_multi": null, "field": "Field"}}, "Brazil Others": {"db_type": "multiple year multiple output", "config": {"label": "Year", "make_multi": null, "field": "Field"}}, "Aroaima": {"db_type": "multiple year multiple output", "config": {"label": "Year", "make_multi": null, "field": "Field"}}, "Suriname - Awacs": {"db_type": "multiple year multiple output", "config": {"label": "Year", "make_multi": null, "field": "Field"}}, "Los Pijiguaos": {"db_type": "multiple year multiple output", "config": {"label": "Year", "make_multi": null, "field": "Field"}}, "Turgai": {"db_type": "multiple year multiple output", "config": {"label": "Year", "make_multi": null, "field": "Field"}}, "Krasnogorsky": {"db_type": "multiple year multiple output", "config": {"label": "Year", "make_multi": null, "field": "Field"}}, "Chhattisgarh": {"db_type": "multiple year multiple output", "config": {"label": "Year", "make_multi": null, "field": "Field"}}, "Jharkhand": {"db_type": "multiple year multiple output", "config": {"label": "Year", "make_multi": null, "field": "Field"}}, "Karnataka": {"db_type": "multiple year multiple output", "config": {"label": "Year", "make_multi": null, "field": "Field"}}, "Madhya Pradesh": {"db_type": "multiple year multiple output", "config": {"label": "Year", "make_multi": null, "field": "Field"}}, "Odisha": {"db_type": "multiple year multiple output", "config": {"label": "Year", "make_multi": null, "field": "Field"}}, "Andhra Pradesh": {"db_type": "multiple year multiple output", "config": {"label": "Year", "make_multi": null, "field": "Field"}}, "Tamil Nadu": {"db_type": "multiple year multiple output", "config": {"label": "Year", "make_multi": null, "field": "Field"}}, "Nhan Co.": {"db_type": "multiple year multiple output", "config": {"label": "Year", "make_multi": null, "field": "Field"}}, "Tan Rai": {"db_type": "multiple year multiple output", "config": {"label": "Year", "make_multi": null, "field": "Field"}}, "Seydisehir": {"db_type": "multiple year multiple output", "config": {"label": "Year", "make_multi": null, "field": "Field"}}, "Jajarm": {"db_type": "multiple year multiple output", "config": {"label": "Year", "make_multi": null, "field": "Field"}}, "Al-Baitha": {"db_type": "multiple year multiple output", "config": {"label": "Year", "make_multi": null, "field": "Field"}}, "Bakony": {"db_type": "multiple year multiple output", "config": {"label": "Year", "make_multi": null, "field": "Field"}}, "Delphi-Distomon": {"db_type": "multiple year multiple output", "config": {"label": "Year", "make_multi": null, "field": "Field"}}, "Parnasse": {"db_type": "multiple year multiple output", "config": {"label": "Year", "make_multi": null, "field": "Field"}}, "Jajce": {"db_type": "multiple year multiple output", "config": {"label": "Year", "make_multi": null, "field": "Field"}}, "Milici (Vlasenica)": {"db_type": "multiple year multiple output", "config": {"label": "Year", "make_multi": null, "field": "Field"}}, "Niksic": {"db_type": "multiple year multiple output", "config": {"label": "Year", "make_multi": null, "field": "Field"}}, "Kola Apatit": {"db_type": "multiple year multiple output", "config": {"label": "Year", "make_multi": null, "field": "Field"}}, "North Onega": {"db_type": "multiple year multiple output", "config": {"label": "Year", "make_multi": null, "field": "Field"}}, "North Ural": {"db_type": "multiple year multiple output", "config": {"label": "Year", "make_multi": null, "field": "Field"}}, "South Ural": {"db_type": "multiple year multiple output", "config": {"label": "Year", "make_multi": null, "field": "Field"}}, "Tikhvin": {"db_type": "multiple year multiple output", "config": {"label": "Year", "make_multi": null, "field": "Field"}}, "Timan": {"db_type": "multiple year multiple output", "config": {"label": "Year", "make_multi": null, "field": "Field"}}, "Kiya-Shaltyr": {"db_type": "multiple year multiple output", "config": {"label": "Year", "make_multi": null, "field": "Field"}}, "Cost Breakdown": {"db_type": "single year multiple output", "model": "ROW minind model"}, "Cash_Fob_(Us$-Dmt)": {"db_type": "multiple year single output", "config": {"label": "Year"}}, "Full_Fob_(Us$-Dmt)": {"db_type": "multiple year single output", "config": {"label": "Year"}}, "Cash_Cost_Cfr_(Us$-Dmt)": {"db_type": "multiple year single output", "config": {"label": "Year"}}, "Full_Cost_Cfr_(Us$-Dmt)": {"db_type": "multiple year single output", "config": {"label": "Year"}}, "Freight_(Us$-Dmt)": {"db_type": "multiple year single output", "config": {"label": "Year"}}, "Moisture_As_Decimal": {"db_type": "multiple year single output", "config": {"label": "Year"}}, "Sustaining_Capital_(Us$-Dmt)": {"db_type": "multiple year single output", "config": {"label": "Year"}}, "Capital_(Us$-Dmt)": {"db_type": "multiple year single output", "config": {"label": "Year"}}, "Vessels": {"db_type": "multiple year single output", "config": {"label": "Year"}}, "Total_Alumina": {"db_type": "multiple year single output", "config": {"label": "Year"}}, "Lt_Avail_Alumina": {"db_type": "multiple year single output", "config": {"label": "Year"}}, "Monohydrate": {"db_type": "multiple year single output", "config": {"label": "Year"}}, "Total_Silica": {"db_type": "multiple year single output", "config": {"label": "Year"}}, "Lt_R._Silica": {"db_type": "multiple year single output", "config": {"label": "Year"}}, "Moisture": {"db_type": "multiple year single output", "config": {"label": "Year"}}, "Organics": {"db_type": "multiple year single output", "config": {"label": "Year"}}, "Bauxite_Style": {"db_type": "multiple year single output", "config": {"label": "Year"}}, "Chosen Mines": {"db_type": "single year multiple output", "model": "ROW minind model"}, "Collector Cost Breakdown": {"db_type": "single year multiple output", "model": "ROW minind model"}, "Collector Cash_Fob_(Us$-Dmt)": {"db_type": "multiple year single output", "config": {"label": "Year"}}, "Collector Full_Fob_(Us$-Dmt)": {"db_type": "multiple year single output", "config": {"label": "Year"}}, "Collector Cash_Cost_Cfr_(Us$-Dmt)": {"db_type": "multiple year single output", "config": {"label": "Year"}}, "Collector Full_Cost_Cfr_(Us$-Dmt)": {"db_type": "multiple year single output", "config": {"label": "Year"}}, "Collector Freight_(Us$-Dmt)": {"db_type": "multiple year single output", "config": {"label": "Year"}}, "Collector Moisture_As_Decimal": {"db_type": "multiple year single output", "config": {"label": "Year"}}, "Collector Sustaining_Capital_(Us$-Dmt)": {"db_type": "multiple year single output", "config": {"label": "Year"}}, "Collector Capital_(Us$-Dmt)": {"db_type": "multiple year single output", "config": {"label": "Year"}}, "Collector Vessels": {"db_type": "multiple year single output", "config": {"label": "Year"}}, "Collector Total_Alumina": {"db_type": "multiple year single output", "config": {"label": "Year"}}, "Collector Lt_Avail_Alumina": {"db_type": "multiple year single output", "config": {"label": "Year"}}, "Collector Monohydrate": {"db_type": "multiple year single output", "config": {"label": "Year"}}, "Collector Total_Silica": {"db_type": "multiple year single output", "config": {"label": "Year"}}, "Collector Lt_R._Silica": {"db_type": "multiple year single output", "config": {"label": "Year"}}, "Collector Moisture": {"db_type": "multiple year single output", "config": {"label": "Year"}}, "Collector Organics": {"db_type": "multiple year single output", "config": {"label": "Year"}}, "Collector Bauxite_Style": {"db_type": "multiple year single output", "config": {"label": "Year"}}}, "Supply Demand Costs n Prices Alcoa": {"Full Costs Cfr Shandong": {"db_type": "multiple year single output", "config": {"label": "Year"}}, "Viu Adjusted Full Costs Cfr Shandong": {"db_type": "multiple year single output", "config": {"label": "Year"}}, "Project Or Mine Price Forecasts": {"db_type": "multiple year single output", "config": {"label": "Year"}}, "Potential Supply": {"db_type": "multiple year single output", "config": {"label": "Year"}}, "Forecast Supply": {"db_type": "multiple year single output", "config": {"label": "Year"}}, "On Market Supply": {"db_type": "multiple year single output", "config": {"label": "Year"}}, "Viu Costs For On Market Supply": {"db_type": "multiple year single output", "config": {"label": "Year"}}, "Supply Tab Final Calculations": {"db_type": "multiple year single output", "config": {"label": "Year"}}, "Total Alumina": {"db_type": "multiple year single output", "config": {"label": "Year"}}, "Lt Avail Alumina": {"db_type": "multiple year single output", "config": {"label": "Year"}}, "Monohydrate": {"db_type": "multiple year single output", "config": {"label": "Year"}}, "Total Silica": {"db_type": "multiple year single output", "config": {"label": "Year"}}, "Lt R. Silica": {"db_type": "multiple year single output", "config": {"label": "Year"}}, "Moisture": {"db_type": "multiple year single output", "config": {"label": "Year"}}, "Organics": {"db_type": "multiple year single output", "config": {"label": "Year"}}, "Bauxite Style": {"db_type": "multiple year single output", "config": {"label": "Year"}}, "Vessel Used": {"db_type": "multiple year single output", "config": {"label": "Year"}}, "Freight (Us$ Div Dmt)": {"db_type": "multiple year single output", "config": {"label": "Year"}}, "Capesize Deductions": {"db_type": "multiple year single output", "config": {"label": "Year"}}, "Extra Deductions": {"db_type": "multiple year single output", "config": {"label": "Year"}}, "Freight After Deductions": {"db_type": "multiple year single output", "config": {"label": "Year"}}, "Input Dataframe Total": {"db_type": "multiple year single output", "config": {"label": "Year"}}, "Contestable Dataframe": {"db_type": "multiple year single output", "config": {"label": "Year"}}, "Ctz Dataframe": {"db_type": "multiple year single output", "config": {"label": "Year"}}}, "Price forecast model": {"51": {"db_type": "multiple year single output", "config": {"label": "Year"}}, "467": {"db_type": "multiple year single output", "config": {"label": "Year"}}, "542": {"db_type": "multiple year single output", "config": {"label": "Year"}}, "121 And 1723": {"db_type": "multiple year single output", "config": {"label": "Year"}}, "709": {"db_type": "multiple year single output", "config": {"label": "Year"}}, "1709 & 25": {"db_type": "multiple year single output", "config": {"label": "Year"}}, "1711": {"db_type": "multiple year single output", "config": {"label": "Year"}}, "864": {"db_type": "multiple year single output", "config": {"label": "Year"}}, "937": {"db_type": "multiple year single output", "config": {"label": "Year"}}, "1012": {"db_type": "multiple year single output", "config": {"label": "Year"}}, "1088": {"db_type": "multiple year single output", "config": {"label": "Year"}}, "1165 And Who Ia At Margin R10": {"db_type": "multiple year single output", "config": {"label": "Year"}}, "1818": {"db_type": "multiple year single output", "config": {"label": "Year"}}, "1688": {"db_type": "multiple year single output", "config": {"label": "Year"}}, "1689": {"db_type": "multiple year single output", "config": {"label": "Year"}}, "1690": {"db_type": "multiple year single output", "config": {"label": "Year"}}, "1733Output": {"db_type": "multiple year single output", "config": {"label": "Year"}}, "1732": {"db_type": "multiple year single output", "config": {"label": "Year"}}, "1732-1733": {"db_type": "multiple year single output", "config": {"label": "Year"}}, "1755": {"db_type": "multiple year single output", "config": {"label": "Year"}}, "1756": {"db_type": "multiple year single output", "config": {"label": "Year"}}, "1757": {"db_type": "multiple year single output", "config": {"label": "Year"}}, "1798-1802": {"db_type": "multiple year single output", "config": {"label": "Year"}}, "1810": {"db_type": "multiple year single output", "config": {"label": "Year"}}, "Who Is At Margin": {"db_type": "multiple year single output", "config": {"label": "Year"}}, "254": {"db_type": "multiple year single output", "config": {"label": "Year"}}, "J9 Lbt": {"db_type": "multiple year single output", "config": {"label": "Year"}}, "J58": {"db_type": "multiple year single output", "config": {"label": "Year"}}, "Africa-Chalco Boffa-Guine J 278.Csv": {"db_type": "multiple year single output", "config": {"label": "Year"}}, "J228": {"db_type": "multiple year single output", "config": {"label": "Year"}}, "Lbt 327": {"db_type": "single year multiple output", "model": "Price forecast model"}, "Lbt 394": {"db_type": "multiple year single output", "config": {"label": "Year"}}, "Lbt 451": {"db_type": "single year multiple output", "model": "Price forecast model"}, "J374": {"db_type": "multiple year single output", "config": {"label": "Year"}}, "J 376": {"db_type": "multiple year single output", "config": {"label": "Year"}}, "J384": {"db_type": "multiple year single output", "config": {"label": "Year"}}, "Who Is At Margin 255": {"db_type": "multiple year single output", "config": {"label": "Year"}}, "Engine Main1811": {"db_type": "multiple year single output", "config": {"label": "Year"}}, "Engine Main1735": {"db_type": "multiple year single output", "config": {"label": "Year"}}, "Engine Main1736": {"db_type": "multiple year single output", "config": {"label": "Year"}}, "Engine Main1815 And 1160": {"db_type": "multiple year single output", "config": {"label": "Year"}}, "Engine Main1718": {"db_type": "multiple year single output", "config": {"label": "Year"}}}, "CBIX machine version used in price forecasts": {"Default Nominal_Mine_Div_Index_Specifications": {"db_type": "single year multiple output", "model": "CBIX machine version used in price forecasts"}, "Default Actual_Price_Determination_From_Cbix_Price Nominal_Mine_Div_Index_Specifications": {"db_type": "single year multiple output", "model": "CBIX machine version used in price forecasts"}, "Default Global_Factors": {"db_type": "single year multiple output", "model": "CBIX machine version used in price forecasts"}, "Default Actual_Price_Determination_From_Cbix_Price Global_Factors": {"db_type": "single year multiple output", "model": "CBIX machine version used in price forecasts"}, "Default Final_Specifications_To_Viu_Adjustment": {"db_type": "single year multiple output", "model": "CBIX machine version used in price forecasts"}, "Default Actual_Price_Determination_From_Cbix_Price Final_Specifications_To_Viu_Adjustment": {"db_type": "single year multiple output", "model": "CBIX machine version used in price forecasts"}, "Default Workings_For_Viu_Adjustmnet_Of_Trade_Bauxite Bauxite_At_Hand_Cost_To_Alumina_Bauxite_Details-Input": {"db_type": "single year multiple output", "model": "CBIX machine version used in price forecasts"}, "Default Workings_For_Viu_Adjustmnet_Of_Trade_Bauxite Actual_Price_Determination_From_Cbix_Price Bauxite_At_Hand_Cost_To_Alumina_Bauxite_Details-Input": {"db_type": "single year multiple output", "model": "CBIX machine version used in price forecasts"}, "Default Workings_For_Viu_Adjustmnet_Of_Trade_Bauxite Bauxite_At_Hand_Cost_To_Alumina_China_Processing_Factors": {"db_type": "single year multiple output", "model": "CBIX machine version used in price forecasts"}, "Default Workings_For_Viu_Adjustmnet_Of_Trade_Bauxite Actual_Price_Determination_From_Cbix_Price Bauxite_At_Hand_Cost_To_Alumina_China_Processing_Factors": {"db_type": "single year multiple output", "model": "CBIX machine version used in price forecasts"}, "Default Workings_For_Viu_Adjustmnet_Of_Trade_Bauxite Bauxite_At_Hand_Cost_To_Alumina_Production_Cost_Calcs_Excluding_Common_Elements": {"db_type": "single year multiple output", "model": "CBIX machine version used in price forecasts"}, "Default Workings_For_Viu_Adjustmnet_Of_Trade_Bauxite Actual_Price_Determination_From_Cbix_Price Bauxite_At_Hand_Cost_To_Alumina_Production_Cost_Calcs_Excluding_Common_Elements": {"db_type": "single year multiple output", "model": "CBIX machine version used in price forecasts"}, "Default Common_Data_Inputs Common_Data_Inputs_Fx_Rates": {"db_type": "single year multiple output", "model": "CBIX machine version used in price forecasts"}, "Default Common_Data_Inputs Actual_Price_Determination_From_Cbix_Price Common_Data_Inputs_Fx_Rates": {"db_type": "single year multiple output", "model": "CBIX machine version used in price forecasts"}, "Default Common_Data_Inputs Common_Data_Inputs_Global_Factors": {"db_type": "single year multiple output", "model": "CBIX machine version used in price forecasts"}, "Default Common_Data_Inputs Actual_Price_Determination_From_Cbix_Price Common_Data_Inputs_Global_Factors": {"db_type": "single year multiple output", "model": "CBIX machine version used in price forecasts"}, "Default Common_Data_Inputs Common_Data_Inputs_China_Input_Prices": {"db_type": "single year multiple output", "model": "CBIX machine version used in price forecasts"}, "Default Common_Data_Inputs Actual_Price_Determination_From_Cbix_Price Common_Data_Inputs_China_Input_Prices": {"db_type": "single year multiple output", "model": "CBIX machine version used in price forecasts"}, "Default Frieght_Calcs_To_Actual_Nominated_Port Frieght_Calculations-Actual_Port-First_Leg": {"db_type": "single year multiple output", "model": "CBIX machine version used in price forecasts"}, "Default Frieght_Calcs_To_Actual_Nominated_Port Actual_Price_Determination_From_Cbix_Price Frieght_Calculations-Actual_Port-First_Leg": {"db_type": "single year multiple output", "model": "CBIX machine version used in price forecasts"}, "Default Frieght_Calcs_To_Actual_Nominated_Port Exporting_Port_Details-Loading_Rates": {"db_type": "single year multiple output", "model": "CBIX machine version used in price forecasts"}, "Default Frieght_Calcs_To_Actual_Nominated_Port Actual_Price_Determination_From_Cbix_Price Exporting_Port_Details-Loading_Rates": {"db_type": "single year multiple output", "model": "CBIX machine version used in price forecasts"}, "Default Frieght_Calcs_To_Actual_Nominated_Port Port_Linkages": {"db_type": "single year multiple output", "model": "CBIX machine version used in price forecasts"}, "Default Frieght_Calcs_To_Actual_Nominated_Port Actual_Price_Determination_From_Cbix_Price Port_Linkages": {"db_type": "single year multiple output", "model": "CBIX machine version used in price forecasts"}, "Default Frieght_Calcs_To_Actual_Nominated_Port Fuel_Prices": {"db_type": "single year multiple output", "model": "CBIX machine version used in price forecasts"}, "Default Frieght_Calcs_To_Actual_Nominated_Port Actual_Price_Determination_From_Cbix_Price Fuel_Prices": {"db_type": "single year multiple output", "model": "CBIX machine version used in price forecasts"}, "Default Frieght_Calcs_To_Actual_Nominated_Port Importing_Port_Details": {"db_type": "single year multiple output", "model": "CBIX machine version used in price forecasts"}, "Default Frieght_Calcs_To_Actual_Nominated_Port Actual_Price_Determination_From_Cbix_Price Importing_Port_Details": {"db_type": "single year multiple output", "model": "CBIX machine version used in price forecasts"}, "Default Frieght_Calcs_To_Actual_Nominated_Port Canals_Details": {"db_type": "single year multiple output", "model": "CBIX machine version used in price forecasts"}, "Default Frieght_Calcs_To_Actual_Nominated_Port Actual_Price_Determination_From_Cbix_Price Canals_Details": {"db_type": "single year multiple output", "model": "CBIX machine version used in price forecasts"}, "Default Frieght_Calcs_To_Actual_Nominated_Port Canals_Costs_Workings": {"db_type": "single year multiple output", "model": "CBIX machine version used in price forecasts"}, "Default Frieght_Calcs_To_Actual_Nominated_Port Actual_Price_Determination_From_Cbix_Price Canals_Costs_Workings": {"db_type": "single year multiple output", "model": "CBIX machine version used in price forecasts"}, "Default Frieght_Calcs_To_Actual_Nominated_Port Final_Costing_Up_For_Leg": {"db_type": "single year multiple output", "model": "CBIX machine version used in price forecasts"}, "Default Frieght_Calcs_To_Actual_Nominated_Port Actual_Price_Determination_From_Cbix_Price Final_Costing_Up_For_Leg": {"db_type": "single year multiple output", "model": "CBIX machine version used in price forecasts"}, "Default Frieght_Calcs_To_Actual_Nominated_Port Freight_Calcualtions_Actual_Port_Second_Leg": {"db_type": "single year multiple output", "model": "CBIX machine version used in price forecasts"}, "Default Frieght_Calcs_To_Actual_Nominated_Port Actual_Price_Determination_From_Cbix_Price Freight_Calcualtions_Actual_Port_Second_Leg": {"db_type": "single year multiple output", "model": "CBIX machine version used in price forecasts"}, "Default Frieght_Calcs_To_Actual_Nominated_Port Exporting_Port_Details_Loading_Rate_Second_Leg": {"db_type": "single year multiple output", "model": "CBIX machine version used in price forecasts"}, "Default Frieght_Calcs_To_Actual_Nominated_Port Actual_Price_Determination_From_Cbix_Price Exporting_Port_Details_Loading_Rate_Second_Leg": {"db_type": "single year multiple output", "model": "CBIX machine version used in price forecasts"}, "Default Frieght_Calcs_To_Actual_Nominated_Port Port_Linkages_Second_Leg": {"db_type": "single year multiple output", "model": "CBIX machine version used in price forecasts"}, "Default Frieght_Calcs_To_Actual_Nominated_Port Actual_Price_Determination_From_Cbix_Price Port_Linkages_Second_Leg": {"db_type": "single year multiple output", "model": "CBIX machine version used in price forecasts"}, "Default Frieght_Calcs_To_Actual_Nominated_Port Fuel_Prices_Second_Leg": {"db_type": "single year multiple output", "model": "CBIX machine version used in price forecasts"}, "Default Frieght_Calcs_To_Actual_Nominated_Port Actual_Price_Determination_From_Cbix_Price Fuel_Prices_Second_Leg": {"db_type": "single year multiple output", "model": "CBIX machine version used in price forecasts"}, "Default Frieght_Calcs_To_Actual_Nominated_Port Importing_Port_Details_Second_Leg": {"db_type": "single year multiple output", "model": "CBIX machine version used in price forecasts"}, "Default Frieght_Calcs_To_Actual_Nominated_Port Actual_Price_Determination_From_Cbix_Price Importing_Port_Details_Second_Leg": {"db_type": "single year multiple output", "model": "CBIX machine version used in price forecasts"}, "Default Frieght_Calcs_To_Actual_Nominated_Port Canals_Details_Second_Leg": {"db_type": "single year multiple output", "model": "CBIX machine version used in price forecasts"}, "Default Frieght_Calcs_To_Actual_Nominated_Port Actual_Price_Determination_From_Cbix_Price Canals_Details_Second_Leg": {"db_type": "single year multiple output", "model": "CBIX machine version used in price forecasts"}, "Default Frieght_Calcs_To_Actual_Nominated_Port Canals_Costs_Workings_Second_Leg": {"db_type": "single year multiple output", "model": "CBIX machine version used in price forecasts"}, "Default Frieght_Calcs_To_Actual_Nominated_Port Actual_Price_Determination_From_Cbix_Price Canals_Costs_Workings_Second_Leg": {"db_type": "single year multiple output", "model": "CBIX machine version used in price forecasts"}, "Default Frieght_Calcs_To_Actual_Nominated_Port Final_Costing_Up_For_Second_Leg": {"db_type": "single year multiple output", "model": "CBIX machine version used in price forecasts"}, "Default Frieght_Calcs_To_Actual_Nominated_Port Actual_Price_Determination_From_Cbix_Price Final_Costing_Up_For_Second_Leg": {"db_type": "single year multiple output", "model": "CBIX machine version used in price forecasts"}, "Default Freight_Calcs_To_Qingdao_First_Leg Frieght_Calculations-Actual_Port-First_Leg": {"db_type": "single year multiple output", "model": "CBIX machine version used in price forecasts"}, "Default Freight_Calcs_To_Qingdao_First_Leg Actual_Price_Determination_From_Cbix_Price Frieght_Calculations-Actual_Port-First_Leg": {"db_type": "single year multiple output", "model": "CBIX machine version used in price forecasts"}, "Default Freight_Calcs_To_Qingdao_First_Leg Exporting_Port_Details-Loading_Rates": {"db_type": "single year multiple output", "model": "CBIX machine version used in price forecasts"}, "Default Freight_Calcs_To_Qingdao_First_Leg Actual_Price_Determination_From_Cbix_Price Exporting_Port_Details-Loading_Rates": {"db_type": "single year multiple output", "model": "CBIX machine version used in price forecasts"}, "Default Freight_Calcs_To_Qingdao_First_Leg Port_Linkages": {"db_type": "single year multiple output", "model": "CBIX machine version used in price forecasts"}, "Default Freight_Calcs_To_Qingdao_First_Leg Actual_Price_Determination_From_Cbix_Price Port_Linkages": {"db_type": "single year multiple output", "model": "CBIX machine version used in price forecasts"}, "Default Freight_Calcs_To_Qingdao_First_Leg Fuel_Prices": {"db_type": "single year multiple output", "model": "CBIX machine version used in price forecasts"}, "Default Freight_Calcs_To_Qingdao_First_Leg Actual_Price_Determination_From_Cbix_Price Fuel_Prices": {"db_type": "single year multiple output", "model": "CBIX machine version used in price forecasts"}, "Default Freight_Calcs_To_Qingdao_First_Leg Importing_Port_Details": {"db_type": "single year multiple output", "model": "CBIX machine version used in price forecasts"}, "Default Freight_Calcs_To_Qingdao_First_Leg Actual_Price_Determination_From_Cbix_Price Importing_Port_Details": {"db_type": "single year multiple output", "model": "CBIX machine version used in price forecasts"}, "Default Freight_Calcs_To_Qingdao_First_Leg Canals_Details": {"db_type": "single year multiple output", "model": "CBIX machine version used in price forecasts"}, "Default Freight_Calcs_To_Qingdao_First_Leg Actual_Price_Determination_From_Cbix_Price Canals_Details": {"db_type": "single year multiple output", "model": "CBIX machine version used in price forecasts"}, "Default Freight_Calcs_To_Qingdao_First_Leg Canals_Costs_Workings": {"db_type": "single year multiple output", "model": "CBIX machine version used in price forecasts"}, "Default Freight_Calcs_To_Qingdao_First_Leg Actual_Price_Determination_From_Cbix_Price Canals_Costs_Workings": {"db_type": "single year multiple output", "model": "CBIX machine version used in price forecasts"}, "Default Freight_Calcs_To_Qingdao_First_Leg Final_Costing_Up_For_Leg": {"db_type": "single year multiple output", "model": "CBIX machine version used in price forecasts"}, "Default Freight_Calcs_To_Qingdao_First_Leg Actual_Price_Determination_From_Cbix_Price Final_Costing_Up_For_Leg": {"db_type": "single year multiple output", "model": "CBIX machine version used in price forecasts"}, "Default Freight_Calcs_To_Qingdao_First_Leg Freight_Calcualtions_Actual_Port_Second_Leg": {"db_type": "single year multiple output", "model": "CBIX machine version used in price forecasts"}, "Default Freight_Calcs_To_Qingdao_First_Leg Actual_Price_Determination_From_Cbix_Price Freight_Calcualtions_Actual_Port_Second_Leg": {"db_type": "single year multiple output", "model": "CBIX machine version used in price forecasts"}, "Default Freight_Calcs_To_Qingdao_First_Leg Exporting_Port_Details_Loading_Rate_Second_Leg": {"db_type": "single year multiple output", "model": "CBIX machine version used in price forecasts"}, "Default Freight_Calcs_To_Qingdao_First_Leg Actual_Price_Determination_From_Cbix_Price Exporting_Port_Details_Loading_Rate_Second_Leg": {"db_type": "single year multiple output", "model": "CBIX machine version used in price forecasts"}, "Default Freight_Calcs_To_Qingdao_First_Leg Port_Linkages_Second_Leg": {"db_type": "single year multiple output", "model": "CBIX machine version used in price forecasts"}, "Default Freight_Calcs_To_Qingdao_First_Leg Actual_Price_Determination_From_Cbix_Price Port_Linkages_Second_Leg": {"db_type": "single year multiple output", "model": "CBIX machine version used in price forecasts"}, "Default Freight_Calcs_To_Qingdao_First_Leg Fuel_Prices_Second_Leg": {"db_type": "single year multiple output", "model": "CBIX machine version used in price forecasts"}, "Default Freight_Calcs_To_Qingdao_First_Leg Actual_Price_Determination_From_Cbix_Price Fuel_Prices_Second_Leg": {"db_type": "single year multiple output", "model": "CBIX machine version used in price forecasts"}, "Default Freight_Calcs_To_Qingdao_First_Leg Importing_Port_Details_Second_Leg": {"db_type": "single year multiple output", "model": "CBIX machine version used in price forecasts"}, "Default Freight_Calcs_To_Qingdao_First_Leg Actual_Price_Determination_From_Cbix_Price Importing_Port_Details_Second_Leg": {"db_type": "single year multiple output", "model": "CBIX machine version used in price forecasts"}, "Default Freight_Calcs_To_Qingdao_First_Leg Canals_Details_Second_Leg": {"db_type": "single year multiple output", "model": "CBIX machine version used in price forecasts"}, "Default Freight_Calcs_To_Qingdao_First_Leg Actual_Price_Determination_From_Cbix_Price Canals_Details_Second_Leg": {"db_type": "single year multiple output", "model": "CBIX machine version used in price forecasts"}, "Default Freight_Calcs_To_Qingdao_First_Leg Canals_Costs_Workings_Second_Leg": {"db_type": "single year multiple output", "model": "CBIX machine version used in price forecasts"}, "Default Freight_Calcs_To_Qingdao_First_Leg Actual_Price_Determination_From_Cbix_Price Canals_Costs_Workings_Second_Leg": {"db_type": "single year multiple output", "model": "CBIX machine version used in price forecasts"}, "Default Freight_Calcs_To_Qingdao_First_Leg Final_Costing_Up_For_Second_Leg": {"db_type": "single year multiple output", "model": "CBIX machine version used in price forecasts"}, "Default Freight_Calcs_To_Qingdao_First_Leg Actual_Price_Determination_From_Cbix_Price Final_Costing_Up_For_Second_Leg": {"db_type": "single year multiple output", "model": "CBIX machine version used in price forecasts"}, "Default Final_Freight_Values": {"db_type": "single year multiple output", "model": "CBIX machine version used in price forecasts"}, "Default Actual_Price_Determination_From_Cbix_Price Final_Freight_Values": {"db_type": "single year multiple output", "model": "CBIX machine version used in price forecasts"}, "Default Workings_For_Viu_Adjustmnet_Of_Trade_Bauxite Cbauxite_At_Hand_Cost_To_Alumina_Bauxite_Details-Input": {"db_type": "single year multiple output", "model": "CBIX machine version used in price forecasts"}, "Default Workings_For_Viu_Adjustmnet_Of_Specific_Index Specific_Index_Viu_Calculation_Index_Bauxite_Details": {"db_type": "single year multiple output", "model": "CBIX machine version used in price forecasts"}, "Default Workings_For_Viu_Adjustmnet_Of_Specific_Index Actual_Price_Determination_From_Cbix_Price Specific_Index_Viu_Calculation_Index_Bauxite_Details": {"db_type": "single year multiple output", "model": "CBIX machine version used in price forecasts"}, "Default Workings_For_Viu_Adjustmnet_Of_Specific_Index Specific_Index_Viu_Calculation_China_Processing_Factors": {"db_type": "single year multiple output", "model": "CBIX machine version used in price forecasts"}, "Default Workings_For_Viu_Adjustmnet_Of_Specific_Index Actual_Price_Determination_From_Cbix_Price Specific_Index_Viu_Calculation_China_Processing_Factors": {"db_type": "single year multiple output", "model": "CBIX machine version used in price forecasts"}, "Default Workings_For_Viu_Adjustmnet_Of_Specific_Index Specific_Index_Viu_Calculation_Alumina_Production_Cost_Calcs_Excluding_Common_Elements": {"db_type": "single year multiple output", "model": "CBIX machine version used in price forecasts"}, "Default Workings_For_Viu_Adjustmnet_Of_Specific_Index Actual_Price_Determination_From_Cbix_Price Specific_Index_Viu_Calculation_Alumina_Production_Cost_Calcs_Excluding_Common_Elements": {"db_type": "single year multiple output", "model": "CBIX machine version used in price forecasts"}, "Default Workings_For_Viu_Adjustmnet_Of_General_Index General_Index_Viu_Calculation_Index_Bauxite_Details": {"db_type": "single year multiple output", "model": "CBIX machine version used in price forecasts"}, "Default Workings_For_Viu_Adjustmnet_Of_General_Index Actual_Price_Determination_From_Cbix_Price General_Index_Viu_Calculation_Index_Bauxite_Details": {"db_type": "single year multiple output", "model": "CBIX machine version used in price forecasts"}, "Default Workings_For_Viu_Adjustmnet_Of_General_Index General_Index_Viu_Calculation_China_Processing_Factors": {"db_type": "single year multiple output", "model": "CBIX machine version used in price forecasts"}, "Default Workings_For_Viu_Adjustmnet_Of_General_Index Actual_Price_Determination_From_Cbix_Price General_Index_Viu_Calculation_China_Processing_Factors": {"db_type": "single year multiple output", "model": "CBIX machine version used in price forecasts"}, "Default Workings_For_Viu_Adjustmnet_Of_General_Index General_Index_Viu_Calculation_Alumina_Production_Cost_Calcs_Excluding_Common_Elements": {"db_type": "single year multiple output", "model": "CBIX machine version used in price forecasts"}, "Default Workings_For_Viu_Adjustmnet_Of_General_Index Actual_Price_Determination_From_Cbix_Price General_Index_Viu_Calculation_Alumina_Production_Cost_Calcs_Excluding_Common_Elements": {"db_type": "single year multiple output", "model": "CBIX machine version used in price forecasts"}, "Default Workings_For_Viu_Adjustmnet_Of_Old_Cbix_Index Old_Cbix_Bauxite_At_Hand_Cost_To_Alumina_Bauxite_Details-Input": {"db_type": "single year multiple output", "model": "CBIX machine version used in price forecasts"}, "Default Workings_For_Viu_Adjustmnet_Of_Old_Cbix_Index Actual_Price_Determination_From_Cbix_Price Old_Cbix_Bauxite_At_Hand_Cost_To_Alumina_Bauxite_Details-Input": {"db_type": "single year multiple output", "model": "CBIX machine version used in price forecasts"}, "Default Workings_For_Viu_Adjustmnet_Of_Old_Cbix_Index Old_Cbix_Bauxite_At_Hand_Cost_To_Alumina_China_Processing_Factors": {"db_type": "single year multiple output", "model": "CBIX machine version used in price forecasts"}, "Default Workings_For_Viu_Adjustmnet_Of_Old_Cbix_Index Actual_Price_Determination_From_Cbix_Price Old_Cbix_Bauxite_At_Hand_Cost_To_Alumina_China_Processing_Factors": {"db_type": "single year multiple output", "model": "CBIX machine version used in price forecasts"}, "Default Workings_For_Viu_Adjustmnet_Of_Old_Cbix_Index Old_Cbix_Alumina_Production_Cost_Calcs_Excluding_Common_Elements": {"db_type": "single year multiple output", "model": "CBIX machine version used in price forecasts"}, "Default Workings_For_Viu_Adjustmnet_Of_Old_Cbix_Index Actual_Price_Determination_From_Cbix_Price Old_Cbix_Alumina_Production_Cost_Calcs_Excluding_Common_Elements": {"db_type": "single year multiple output", "model": "CBIX machine version used in price forecasts"}, "Default Workings_For_Viu_Adjustmnet_Of_Old_Cbix_Index Old_Cbix_Calculation_Index_Bauxite_Details": {"db_type": "single year multiple output", "model": "CBIX machine version used in price forecasts"}, "Default Workings_For_Viu_Adjustmnet_Of_Old_Cbix_Index Actual_Price_Determination_From_Cbix_Price Old_Cbix_Calculation_Index_Bauxite_Details": {"db_type": "single year multiple output", "model": "CBIX machine version used in price forecasts"}, "Default Workings_For_Viu_Adjustmnet_Of_Old_Cbix_Index Old_Cbix_Calculation_Bauxite_At_Hand_Cost_To_Alumina_China_Processing_Factors": {"db_type": "single year multiple output", "model": "CBIX machine version used in price forecasts"}, "Default Workings_For_Viu_Adjustmnet_Of_Old_Cbix_Index Actual_Price_Determination_From_Cbix_Price Old_Cbix_Calculation_Bauxite_At_Hand_Cost_To_Alumina_China_Processing_Factors": {"db_type": "single year multiple output", "model": "CBIX machine version used in price forecasts"}, "Default Workings_For_Viu_Adjustmnet_Of_Old_Cbix_Index Old_Cbix_Calculation_Alumina_Production_Cost_Calcs_Excluding_Common_Elements": {"db_type": "single year multiple output", "model": "CBIX machine version used in price forecasts"}, "Default Workings_For_Viu_Adjustmnet_Of_Old_Cbix_Index Actual_Price_Determination_From_Cbix_Price Old_Cbix_Calculation_Alumina_Production_Cost_Calcs_Excluding_Common_Elements": {"db_type": "single year multiple output", "model": "CBIX machine version used in price forecasts"}, "Default Actual Price Determination From Cbix Price Trade Details": {"db_type": "single year multiple output", "model": "CBIX machine version used in price forecasts"}, "Default Data_Tables Viu_Cost_Data_Table": {"db_type": "multiple year single output", "config": {"label": "Date"}}, "Default Data_Tables Data_Table_For_Freights": {"db_type": "multiple year single output", "config": {"label": "Date"}}, "Default Data_Tables Price_Forecast_Datatable": {"db_type": "multiple year single output", "config": {"label": "Date"}}, "Default Data_Tables Freight_Inputs_For_Row_Mining_Model": {"db_type": "multiple year single output", "config": {"label": "Date"}}, "Panamax Nominal_Mine_Div_Index_Specifications": {"db_type": "single year multiple output", "model": "CBIX machine version used in price forecasts"}, "Panamax Actual_Price_Determination_From_Cbix_Price Nominal_Mine_Div_Index_Specifications": {"db_type": "single year multiple output", "model": "CBIX machine version used in price forecasts"}, "Panamax Global_Factors": {"db_type": "single year multiple output", "model": "CBIX machine version used in price forecasts"}, "Panamax Actual_Price_Determination_From_Cbix_Price Global_Factors": {"db_type": "single year multiple output", "model": "CBIX machine version used in price forecasts"}, "Panamax Final_Specifications_To_Viu_Adjustment": {"db_type": "single year multiple output", "model": "CBIX machine version used in price forecasts"}, "Panamax Actual_Price_Determination_From_Cbix_Price Final_Specifications_To_Viu_Adjustment": {"db_type": "single year multiple output", "model": "CBIX machine version used in price forecasts"}, "Panamax Workings_For_Viu_Adjustmnet_Of_Trade_Bauxite Bauxite_At_Hand_Cost_To_Alumina_Bauxite_Details-Input": {"db_type": "single year multiple output", "model": "CBIX machine version used in price forecasts"}, "Panamax Workings_For_Viu_Adjustmnet_Of_Trade_Bauxite Actual_Price_Determination_From_Cbix_Price Bauxite_At_Hand_Cost_To_Alumina_Bauxite_Details-Input": {"db_type": "single year multiple output", "model": "CBIX machine version used in price forecasts"}, "Panamax Workings_For_Viu_Adjustmnet_Of_Trade_Bauxite Bauxite_At_Hand_Cost_To_Alumina_China_Processing_Factors": {"db_type": "single year multiple output", "model": "CBIX machine version used in price forecasts"}, "Panamax Workings_For_Viu_Adjustmnet_Of_Trade_Bauxite Actual_Price_Determination_From_Cbix_Price Bauxite_At_Hand_Cost_To_Alumina_China_Processing_Factors": {"db_type": "single year multiple output", "model": "CBIX machine version used in price forecasts"}, "Panamax Workings_For_Viu_Adjustmnet_Of_Trade_Bauxite Bauxite_At_Hand_Cost_To_Alumina_Production_Cost_Calcs_Excluding_Common_Elements": {"db_type": "single year multiple output", "model": "CBIX machine version used in price forecasts"}, "Panamax Workings_For_Viu_Adjustmnet_Of_Trade_Bauxite Actual_Price_Determination_From_Cbix_Price Bauxite_At_Hand_Cost_To_Alumina_Production_Cost_Calcs_Excluding_Common_Elements": {"db_type": "single year multiple output", "model": "CBIX machine version used in price forecasts"}, "Panamax Common_Data_Inputs Common_Data_Inputs_Fx_Rates": {"db_type": "single year multiple output", "model": "CBIX machine version used in price forecasts"}, "Panamax Common_Data_Inputs Actual_Price_Determination_From_Cbix_Price Common_Data_Inputs_Fx_Rates": {"db_type": "single year multiple output", "model": "CBIX machine version used in price forecasts"}, "Panamax Common_Data_Inputs Common_Data_Inputs_Global_Factors": {"db_type": "single year multiple output", "model": "CBIX machine version used in price forecasts"}, "Panamax Common_Data_Inputs Actual_Price_Determination_From_Cbix_Price Common_Data_Inputs_Global_Factors": {"db_type": "single year multiple output", "model": "CBIX machine version used in price forecasts"}, "Panamax Common_Data_Inputs Common_Data_Inputs_China_Input_Prices": {"db_type": "single year multiple output", "model": "CBIX machine version used in price forecasts"}, "Panamax Common_Data_Inputs Actual_Price_Determination_From_Cbix_Price Common_Data_Inputs_China_Input_Prices": {"db_type": "single year multiple output", "model": "CBIX machine version used in price forecasts"}, "Panamax Frieght_Calcs_To_Actual_Nominated_Port Frieght_Calculations-Actual_Port-First_Leg": {"db_type": "single year multiple output", "model": "CBIX machine version used in price forecasts"}, "Panamax Frieght_Calcs_To_Actual_Nominated_Port Actual_Price_Determination_From_Cbix_Price Frieght_Calculations-Actual_Port-First_Leg": {"db_type": "single year multiple output", "model": "CBIX machine version used in price forecasts"}, "Panamax Frieght_Calcs_To_Actual_Nominated_Port Exporting_Port_Details-Loading_Rates": {"db_type": "single year multiple output", "model": "CBIX machine version used in price forecasts"}, "Panamax Frieght_Calcs_To_Actual_Nominated_Port Actual_Price_Determination_From_Cbix_Price Exporting_Port_Details-Loading_Rates": {"db_type": "single year multiple output", "model": "CBIX machine version used in price forecasts"}, "Panamax Frieght_Calcs_To_Actual_Nominated_Port Port_Linkages": {"db_type": "single year multiple output", "model": "CBIX machine version used in price forecasts"}, "Panamax Frieght_Calcs_To_Actual_Nominated_Port Actual_Price_Determination_From_Cbix_Price Port_Linkages": {"db_type": "single year multiple output", "model": "CBIX machine version used in price forecasts"}, "Panamax Frieght_Calcs_To_Actual_Nominated_Port Fuel_Prices": {"db_type": "single year multiple output", "model": "CBIX machine version used in price forecasts"}, "Panamax Frieght_Calcs_To_Actual_Nominated_Port Actual_Price_Determination_From_Cbix_Price Fuel_Prices": {"db_type": "single year multiple output", "model": "CBIX machine version used in price forecasts"}, "Panamax Frieght_Calcs_To_Actual_Nominated_Port Importing_Port_Details": {"db_type": "single year multiple output", "model": "CBIX machine version used in price forecasts"}, "Panamax Frieght_Calcs_To_Actual_Nominated_Port Actual_Price_Determination_From_Cbix_Price Importing_Port_Details": {"db_type": "single year multiple output", "model": "CBIX machine version used in price forecasts"}, "Panamax Frieght_Calcs_To_Actual_Nominated_Port Canals_Details": {"db_type": "single year multiple output", "model": "CBIX machine version used in price forecasts"}, "Panamax Frieght_Calcs_To_Actual_Nominated_Port Actual_Price_Determination_From_Cbix_Price Canals_Details": {"db_type": "single year multiple output", "model": "CBIX machine version used in price forecasts"}, "Panamax Frieght_Calcs_To_Actual_Nominated_Port Canals_Costs_Workings": {"db_type": "single year multiple output", "model": "CBIX machine version used in price forecasts"}, "Panamax Frieght_Calcs_To_Actual_Nominated_Port Actual_Price_Determination_From_Cbix_Price Canals_Costs_Workings": {"db_type": "single year multiple output", "model": "CBIX machine version used in price forecasts"}, "Panamax Frieght_Calcs_To_Actual_Nominated_Port Final_Costing_Up_For_Leg": {"db_type": "single year multiple output", "model": "CBIX machine version used in price forecasts"}, "Panamax Frieght_Calcs_To_Actual_Nominated_Port Actual_Price_Determination_From_Cbix_Price Final_Costing_Up_For_Leg": {"db_type": "single year multiple output", "model": "CBIX machine version used in price forecasts"}, "Panamax Frieght_Calcs_To_Actual_Nominated_Port Freight_Calcualtions_Actual_Port_Second_Leg": {"db_type": "single year multiple output", "model": "CBIX machine version used in price forecasts"}, "Panamax Frieght_Calcs_To_Actual_Nominated_Port Actual_Price_Determination_From_Cbix_Price Freight_Calcualtions_Actual_Port_Second_Leg": {"db_type": "single year multiple output", "model": "CBIX machine version used in price forecasts"}, "Panamax Frieght_Calcs_To_Actual_Nominated_Port Exporting_Port_Details_Loading_Rate_Second_Leg": {"db_type": "single year multiple output", "model": "CBIX machine version used in price forecasts"}, "Panamax Frieght_Calcs_To_Actual_Nominated_Port Actual_Price_Determination_From_Cbix_Price Exporting_Port_Details_Loading_Rate_Second_Leg": {"db_type": "single year multiple output", "model": "CBIX machine version used in price forecasts"}, "Panamax Frieght_Calcs_To_Actual_Nominated_Port Port_Linkages_Second_Leg": {"db_type": "single year multiple output", "model": "CBIX machine version used in price forecasts"}, "Panamax Frieght_Calcs_To_Actual_Nominated_Port Actual_Price_Determination_From_Cbix_Price Port_Linkages_Second_Leg": {"db_type": "single year multiple output", "model": "CBIX machine version used in price forecasts"}, "Panamax Frieght_Calcs_To_Actual_Nominated_Port Fuel_Prices_Second_Leg": {"db_type": "single year multiple output", "model": "CBIX machine version used in price forecasts"}, "Panamax Frieght_Calcs_To_Actual_Nominated_Port Actual_Price_Determination_From_Cbix_Price Fuel_Prices_Second_Leg": {"db_type": "single year multiple output", "model": "CBIX machine version used in price forecasts"}, "Panamax Frieght_Calcs_To_Actual_Nominated_Port Importing_Port_Details_Second_Leg": {"db_type": "single year multiple output", "model": "CBIX machine version used in price forecasts"}, "Panamax Frieght_Calcs_To_Actual_Nominated_Port Actual_Price_Determination_From_Cbix_Price Importing_Port_Details_Second_Leg": {"db_type": "single year multiple output", "model": "CBIX machine version used in price forecasts"}, "Panamax Frieght_Calcs_To_Actual_Nominated_Port Canals_Details_Second_Leg": {"db_type": "single year multiple output", "model": "CBIX machine version used in price forecasts"}, "Panamax Frieght_Calcs_To_Actual_Nominated_Port Actual_Price_Determination_From_Cbix_Price Canals_Details_Second_Leg": {"db_type": "single year multiple output", "model": "CBIX machine version used in price forecasts"}, "Panamax Frieght_Calcs_To_Actual_Nominated_Port Canals_Costs_Workings_Second_Leg": {"db_type": "single year multiple output", "model": "CBIX machine version used in price forecasts"}, "Panamax Frieght_Calcs_To_Actual_Nominated_Port Actual_Price_Determination_From_Cbix_Price Canals_Costs_Workings_Second_Leg": {"db_type": "single year multiple output", "model": "CBIX machine version used in price forecasts"}, "Panamax Frieght_Calcs_To_Actual_Nominated_Port Final_Costing_Up_For_Second_Leg": {"db_type": "single year multiple output", "model": "CBIX machine version used in price forecasts"}, "Panamax Frieght_Calcs_To_Actual_Nominated_Port Actual_Price_Determination_From_Cbix_Price Final_Costing_Up_For_Second_Leg": {"db_type": "single year multiple output", "model": "CBIX machine version used in price forecasts"}, "Panamax Freight_Calcs_To_Qingdao_First_Leg Frieght_Calculations-Actual_Port-First_Leg": {"db_type": "single year multiple output", "model": "CBIX machine version used in price forecasts"}, "Panamax Freight_Calcs_To_Qingdao_First_Leg Actual_Price_Determination_From_Cbix_Price Frieght_Calculations-Actual_Port-First_Leg": {"db_type": "single year multiple output", "model": "CBIX machine version used in price forecasts"}, "Panamax Freight_Calcs_To_Qingdao_First_Leg Exporting_Port_Details-Loading_Rates": {"db_type": "single year multiple output", "model": "CBIX machine version used in price forecasts"}, "Panamax Freight_Calcs_To_Qingdao_First_Leg Actual_Price_Determination_From_Cbix_Price Exporting_Port_Details-Loading_Rates": {"db_type": "single year multiple output", "model": "CBIX machine version used in price forecasts"}, "Panamax Freight_Calcs_To_Qingdao_First_Leg Port_Linkages": {"db_type": "single year multiple output", "model": "CBIX machine version used in price forecasts"}, "Panamax Freight_Calcs_To_Qingdao_First_Leg Actual_Price_Determination_From_Cbix_Price Port_Linkages": {"db_type": "single year multiple output", "model": "CBIX machine version used in price forecasts"}, "Panamax Freight_Calcs_To_Qingdao_First_Leg Fuel_Prices": {"db_type": "single year multiple output", "model": "CBIX machine version used in price forecasts"}, "Panamax Freight_Calcs_To_Qingdao_First_Leg Actual_Price_Determination_From_Cbix_Price Fuel_Prices": {"db_type": "single year multiple output", "model": "CBIX machine version used in price forecasts"}, "Panamax Freight_Calcs_To_Qingdao_First_Leg Importing_Port_Details": {"db_type": "single year multiple output", "model": "CBIX machine version used in price forecasts"}, "Panamax Freight_Calcs_To_Qingdao_First_Leg Actual_Price_Determination_From_Cbix_Price Importing_Port_Details": {"db_type": "single year multiple output", "model": "CBIX machine version used in price forecasts"}, "Panamax Freight_Calcs_To_Qingdao_First_Leg Canals_Details": {"db_type": "single year multiple output", "model": "CBIX machine version used in price forecasts"}, "Panamax Freight_Calcs_To_Qingdao_First_Leg Actual_Price_Determination_From_Cbix_Price Canals_Details": {"db_type": "single year multiple output", "model": "CBIX machine version used in price forecasts"}, "Panamax Freight_Calcs_To_Qingdao_First_Leg Canals_Costs_Workings": {"db_type": "single year multiple output", "model": "CBIX machine version used in price forecasts"}, "Panamax Freight_Calcs_To_Qingdao_First_Leg Actual_Price_Determination_From_Cbix_Price Canals_Costs_Workings": {"db_type": "single year multiple output", "model": "CBIX machine version used in price forecasts"}, "Panamax Freight_Calcs_To_Qingdao_First_Leg Final_Costing_Up_For_Leg": {"db_type": "single year multiple output", "model": "CBIX machine version used in price forecasts"}, "Panamax Freight_Calcs_To_Qingdao_First_Leg Actual_Price_Determination_From_Cbix_Price Final_Costing_Up_For_Leg": {"db_type": "single year multiple output", "model": "CBIX machine version used in price forecasts"}, "Panamax Freight_Calcs_To_Qingdao_First_Leg Freight_Calcualtions_Actual_Port_Second_Leg": {"db_type": "single year multiple output", "model": "CBIX machine version used in price forecasts"}, "Panamax Freight_Calcs_To_Qingdao_First_Leg Actual_Price_Determination_From_Cbix_Price Freight_Calcualtions_Actual_Port_Second_Leg": {"db_type": "single year multiple output", "model": "CBIX machine version used in price forecasts"}, "Panamax Freight_Calcs_To_Qingdao_First_Leg Exporting_Port_Details_Loading_Rate_Second_Leg": {"db_type": "single year multiple output", "model": "CBIX machine version used in price forecasts"}, "Panamax Freight_Calcs_To_Qingdao_First_Leg Actual_Price_Determination_From_Cbix_Price Exporting_Port_Details_Loading_Rate_Second_Leg": {"db_type": "single year multiple output", "model": "CBIX machine version used in price forecasts"}, "Panamax Freight_Calcs_To_Qingdao_First_Leg Port_Linkages_Second_Leg": {"db_type": "single year multiple output", "model": "CBIX machine version used in price forecasts"}, "Panamax Freight_Calcs_To_Qingdao_First_Leg Actual_Price_Determination_From_Cbix_Price Port_Linkages_Second_Leg": {"db_type": "single year multiple output", "model": "CBIX machine version used in price forecasts"}, "Panamax Freight_Calcs_To_Qingdao_First_Leg Fuel_Prices_Second_Leg": {"db_type": "single year multiple output", "model": "CBIX machine version used in price forecasts"}, "Panamax Freight_Calcs_To_Qingdao_First_Leg Actual_Price_Determination_From_Cbix_Price Fuel_Prices_Second_Leg": {"db_type": "single year multiple output", "model": "CBIX machine version used in price forecasts"}, "Panamax Freight_Calcs_To_Qingdao_First_Leg Importing_Port_Details_Second_Leg": {"db_type": "single year multiple output", "model": "CBIX machine version used in price forecasts"}, "Panamax Freight_Calcs_To_Qingdao_First_Leg Actual_Price_Determination_From_Cbix_Price Importing_Port_Details_Second_Leg": {"db_type": "single year multiple output", "model": "CBIX machine version used in price forecasts"}, "Panamax Freight_Calcs_To_Qingdao_First_Leg Canals_Details_Second_Leg": {"db_type": "single year multiple output", "model": "CBIX machine version used in price forecasts"}, "Panamax Freight_Calcs_To_Qingdao_First_Leg Actual_Price_Determination_From_Cbix_Price Canals_Details_Second_Leg": {"db_type": "single year multiple output", "model": "CBIX machine version used in price forecasts"}, "Panamax Freight_Calcs_To_Qingdao_First_Leg Canals_Costs_Workings_Second_Leg": {"db_type": "single year multiple output", "model": "CBIX machine version used in price forecasts"}, "Panamax Freight_Calcs_To_Qingdao_First_Leg Actual_Price_Determination_From_Cbix_Price Canals_Costs_Workings_Second_Leg": {"db_type": "single year multiple output", "model": "CBIX machine version used in price forecasts"}, "Panamax Freight_Calcs_To_Qingdao_First_Leg Final_Costing_Up_For_Second_Leg": {"db_type": "single year multiple output", "model": "CBIX machine version used in price forecasts"}, "Panamax Freight_Calcs_To_Qingdao_First_Leg Actual_Price_Determination_From_Cbix_Price Final_Costing_Up_For_Second_Leg": {"db_type": "single year multiple output", "model": "CBIX machine version used in price forecasts"}, "Panamax Final_Freight_Values": {"db_type": "single year multiple output", "model": "CBIX machine version used in price forecasts"}, "Panamax Actual_Price_Determination_From_Cbix_Price Final_Freight_Values": {"db_type": "single year multiple output", "model": "CBIX machine version used in price forecasts"}, "Panamax Workings_For_Viu_Adjustmnet_Of_Trade_Bauxite Cbauxite_At_Hand_Cost_To_Alumina_Bauxite_Details-Input": {"db_type": "single year multiple output", "model": "CBIX machine version used in price forecasts"}, "Panamax Workings_For_Viu_Adjustmnet_Of_Specific_Index Specific_Index_Viu_Calculation_Index_Bauxite_Details": {"db_type": "single year multiple output", "model": "CBIX machine version used in price forecasts"}, "Panamax Workings_For_Viu_Adjustmnet_Of_Specific_Index Actual_Price_Determination_From_Cbix_Price Specific_Index_Viu_Calculation_Index_Bauxite_Details": {"db_type": "single year multiple output", "model": "CBIX machine version used in price forecasts"}, "Panamax Workings_For_Viu_Adjustmnet_Of_Specific_Index Specific_Index_Viu_Calculation_China_Processing_Factors": {"db_type": "single year multiple output", "model": "CBIX machine version used in price forecasts"}, "Panamax Workings_For_Viu_Adjustmnet_Of_Specific_Index Actual_Price_Determination_From_Cbix_Price Specific_Index_Viu_Calculation_China_Processing_Factors": {"db_type": "single year multiple output", "model": "CBIX machine version used in price forecasts"}, "Panamax Workings_For_Viu_Adjustmnet_Of_Specific_Index Specific_Index_Viu_Calculation_Alumina_Production_Cost_Calcs_Excluding_Common_Elements": {"db_type": "single year multiple output", "model": "CBIX machine version used in price forecasts"}, "Panamax Workings_For_Viu_Adjustmnet_Of_Specific_Index Actual_Price_Determination_From_Cbix_Price Specific_Index_Viu_Calculation_Alumina_Production_Cost_Calcs_Excluding_Common_Elements": {"db_type": "single year multiple output", "model": "CBIX machine version used in price forecasts"}, "Panamax Workings_For_Viu_Adjustmnet_Of_General_Index General_Index_Viu_Calculation_Index_Bauxite_Details": {"db_type": "single year multiple output", "model": "CBIX machine version used in price forecasts"}, "Panamax Workings_For_Viu_Adjustmnet_Of_General_Index Actual_Price_Determination_From_Cbix_Price General_Index_Viu_Calculation_Index_Bauxite_Details": {"db_type": "single year multiple output", "model": "CBIX machine version used in price forecasts"}, "Panamax Workings_For_Viu_Adjustmnet_Of_General_Index General_Index_Viu_Calculation_China_Processing_Factors": {"db_type": "single year multiple output", "model": "CBIX machine version used in price forecasts"}, "Panamax Workings_For_Viu_Adjustmnet_Of_General_Index Actual_Price_Determination_From_Cbix_Price General_Index_Viu_Calculation_China_Processing_Factors": {"db_type": "single year multiple output", "model": "CBIX machine version used in price forecasts"}, "Panamax Workings_For_Viu_Adjustmnet_Of_General_Index General_Index_Viu_Calculation_Alumina_Production_Cost_Calcs_Excluding_Common_Elements": {"db_type": "single year multiple output", "model": "CBIX machine version used in price forecasts"}, "Panamax Workings_For_Viu_Adjustmnet_Of_General_Index Actual_Price_Determination_From_Cbix_Price General_Index_Viu_Calculation_Alumina_Production_Cost_Calcs_Excluding_Common_Elements": {"db_type": "single year multiple output", "model": "CBIX machine version used in price forecasts"}, "Panamax Workings_For_Viu_Adjustmnet_Of_Old_Cbix_Index Old_Cbix_Bauxite_At_Hand_Cost_To_Alumina_Bauxite_Details-Input": {"db_type": "single year multiple output", "model": "CBIX machine version used in price forecasts"}, "Panamax Workings_For_Viu_Adjustmnet_Of_Old_Cbix_Index Actual_Price_Determination_From_Cbix_Price Old_Cbix_Bauxite_At_Hand_Cost_To_Alumina_Bauxite_Details-Input": {"db_type": "single year multiple output", "model": "CBIX machine version used in price forecasts"}, "Panamax Workings_For_Viu_Adjustmnet_Of_Old_Cbix_Index Old_Cbix_Bauxite_At_Hand_Cost_To_Alumina_China_Processing_Factors": {"db_type": "single year multiple output", "model": "CBIX machine version used in price forecasts"}, "Panamax Workings_For_Viu_Adjustmnet_Of_Old_Cbix_Index Actual_Price_Determination_From_Cbix_Price Old_Cbix_Bauxite_At_Hand_Cost_To_Alumina_China_Processing_Factors": {"db_type": "single year multiple output", "model": "CBIX machine version used in price forecasts"}, "Panamax Workings_For_Viu_Adjustmnet_Of_Old_Cbix_Index Old_Cbix_Alumina_Production_Cost_Calcs_Excluding_Common_Elements": {"db_type": "single year multiple output", "model": "CBIX machine version used in price forecasts"}, "Panamax Workings_For_Viu_Adjustmnet_Of_Old_Cbix_Index Actual_Price_Determination_From_Cbix_Price Old_Cbix_Alumina_Production_Cost_Calcs_Excluding_Common_Elements": {"db_type": "single year multiple output", "model": "CBIX machine version used in price forecasts"}, "Panamax Workings_For_Viu_Adjustmnet_Of_Old_Cbix_Index Old_Cbix_Calculation_Index_Bauxite_Details": {"db_type": "single year multiple output", "model": "CBIX machine version used in price forecasts"}, "Panamax Workings_For_Viu_Adjustmnet_Of_Old_Cbix_Index Actual_Price_Determination_From_Cbix_Price Old_Cbix_Calculation_Index_Bauxite_Details": {"db_type": "single year multiple output", "model": "CBIX machine version used in price forecasts"}, "Panamax Workings_For_Viu_Adjustmnet_Of_Old_Cbix_Index Old_Cbix_Calculation_Bauxite_At_Hand_Cost_To_Alumina_China_Processing_Factors": {"db_type": "single year multiple output", "model": "CBIX machine version used in price forecasts"}, "Panamax Workings_For_Viu_Adjustmnet_Of_Old_Cbix_Index Actual_Price_Determination_From_Cbix_Price Old_Cbix_Calculation_Bauxite_At_Hand_Cost_To_Alumina_China_Processing_Factors": {"db_type": "single year multiple output", "model": "CBIX machine version used in price forecasts"}, "Panamax Workings_For_Viu_Adjustmnet_Of_Old_Cbix_Index Old_Cbix_Calculation_Alumina_Production_Cost_Calcs_Excluding_Common_Elements": {"db_type": "single year multiple output", "model": "CBIX machine version used in price forecasts"}, "Panamax Workings_For_Viu_Adjustmnet_Of_Old_Cbix_Index Actual_Price_Determination_From_Cbix_Price Old_Cbix_Calculation_Alumina_Production_Cost_Calcs_Excluding_Common_Elements": {"db_type": "single year multiple output", "model": "CBIX machine version used in price forecasts"}, "Panamax Actual Price Determination From Cbix Price Trade Details": {"db_type": "single year multiple output", "model": "CBIX machine version used in price forecasts"}, "Panamax Data_Tables Viu_Cost_Data_Table": {"db_type": "multiple year single output", "config": {"label": "Date"}}, "Panamax Data_Tables Data_Table_For_Freights": {"db_type": "multiple year single output", "config": {"label": "Date"}}, "Panamax Data_Tables Price_Forecast_Datatable": {"db_type": "multiple year single output", "config": {"label": "Date"}}, "Panamax Data_Tables Freight_Inputs_For_Row_Mining_Model": {"db_type": "multiple year single output", "config": {"label": "Date"}}, "Capesize Nominal_Mine_Div_Index_Specifications": {"db_type": "single year multiple output", "model": "CBIX machine version used in price forecasts"}, "Capesize Actual_Price_Determination_From_Cbix_Price Nominal_Mine_Div_Index_Specifications": {"db_type": "single year multiple output", "model": "CBIX machine version used in price forecasts"}, "Capesize Global_Factors": {"db_type": "single year multiple output", "model": "CBIX machine version used in price forecasts"}, "Capesize Actual_Price_Determination_From_Cbix_Price Global_Factors": {"db_type": "single year multiple output", "model": "CBIX machine version used in price forecasts"}, "Capesize Final_Specifications_To_Viu_Adjustment": {"db_type": "single year multiple output", "model": "CBIX machine version used in price forecasts"}, "Capesize Actual_Price_Determination_From_Cbix_Price Final_Specifications_To_Viu_Adjustment": {"db_type": "single year multiple output", "model": "CBIX machine version used in price forecasts"}, "Capesize Workings_For_Viu_Adjustmnet_Of_Trade_Bauxite Bauxite_At_Hand_Cost_To_Alumina_Bauxite_Details-Input": {"db_type": "single year multiple output", "model": "CBIX machine version used in price forecasts"}, "Capesize Workings_For_Viu_Adjustmnet_Of_Trade_Bauxite Actual_Price_Determination_From_Cbix_Price Bauxite_At_Hand_Cost_To_Alumina_Bauxite_Details-Input": {"db_type": "single year multiple output", "model": "CBIX machine version used in price forecasts"}, "Capesize Workings_For_Viu_Adjustmnet_Of_Trade_Bauxite Bauxite_At_Hand_Cost_To_Alumina_China_Processing_Factors": {"db_type": "single year multiple output", "model": "CBIX machine version used in price forecasts"}, "Capesize Workings_For_Viu_Adjustmnet_Of_Trade_Bauxite Actual_Price_Determination_From_Cbix_Price Bauxite_At_Hand_Cost_To_Alumina_China_Processing_Factors": {"db_type": "single year multiple output", "model": "CBIX machine version used in price forecasts"}, "Capesize Workings_For_Viu_Adjustmnet_Of_Trade_Bauxite Bauxite_At_Hand_Cost_To_Alumina_Production_Cost_Calcs_Excluding_Common_Elements": {"db_type": "single year multiple output", "model": "CBIX machine version used in price forecasts"}, "Capesize Workings_For_Viu_Adjustmnet_Of_Trade_Bauxite Actual_Price_Determination_From_Cbix_Price Bauxite_At_Hand_Cost_To_Alumina_Production_Cost_Calcs_Excluding_Common_Elements": {"db_type": "single year multiple output", "model": "CBIX machine version used in price forecasts"}, "Capesize Common_Data_Inputs Common_Data_Inputs_Fx_Rates": {"db_type": "single year multiple output", "model": "CBIX machine version used in price forecasts"}, "Capesize Common_Data_Inputs Actual_Price_Determination_From_Cbix_Price Common_Data_Inputs_Fx_Rates": {"db_type": "single year multiple output", "model": "CBIX machine version used in price forecasts"}, "Capesize Common_Data_Inputs Common_Data_Inputs_Global_Factors": {"db_type": "single year multiple output", "model": "CBIX machine version used in price forecasts"}, "Capesize Common_Data_Inputs Actual_Price_Determination_From_Cbix_Price Common_Data_Inputs_Global_Factors": {"db_type": "single year multiple output", "model": "CBIX machine version used in price forecasts"}, "Capesize Common_Data_Inputs Common_Data_Inputs_China_Input_Prices": {"db_type": "single year multiple output", "model": "CBIX machine version used in price forecasts"}, "Capesize Common_Data_Inputs Actual_Price_Determination_From_Cbix_Price Common_Data_Inputs_China_Input_Prices": {"db_type": "single year multiple output", "model": "CBIX machine version used in price forecasts"}, "Capesize Frieght_Calcs_To_Actual_Nominated_Port Frieght_Calculations-Actual_Port-First_Leg": {"db_type": "single year multiple output", "model": "CBIX machine version used in price forecasts"}, "Capesize Frieght_Calcs_To_Actual_Nominated_Port Actual_Price_Determination_From_Cbix_Price Frieght_Calculations-Actual_Port-First_Leg": {"db_type": "single year multiple output", "model": "CBIX machine version used in price forecasts"}, "Capesize Frieght_Calcs_To_Actual_Nominated_Port Exporting_Port_Details-Loading_Rates": {"db_type": "single year multiple output", "model": "CBIX machine version used in price forecasts"}, "Capesize Frieght_Calcs_To_Actual_Nominated_Port Actual_Price_Determination_From_Cbix_Price Exporting_Port_Details-Loading_Rates": {"db_type": "single year multiple output", "model": "CBIX machine version used in price forecasts"}, "Capesize Frieght_Calcs_To_Actual_Nominated_Port Port_Linkages": {"db_type": "single year multiple output", "model": "CBIX machine version used in price forecasts"}, "Capesize Frieght_Calcs_To_Actual_Nominated_Port Actual_Price_Determination_From_Cbix_Price Port_Linkages": {"db_type": "single year multiple output", "model": "CBIX machine version used in price forecasts"}, "Capesize Frieght_Calcs_To_Actual_Nominated_Port Fuel_Prices": {"db_type": "single year multiple output", "model": "CBIX machine version used in price forecasts"}, "Capesize Frieght_Calcs_To_Actual_Nominated_Port Actual_Price_Determination_From_Cbix_Price Fuel_Prices": {"db_type": "single year multiple output", "model": "CBIX machine version used in price forecasts"}, "Capesize Frieght_Calcs_To_Actual_Nominated_Port Importing_Port_Details": {"db_type": "single year multiple output", "model": "CBIX machine version used in price forecasts"}, "Capesize Frieght_Calcs_To_Actual_Nominated_Port Actual_Price_Determination_From_Cbix_Price Importing_Port_Details": {"db_type": "single year multiple output", "model": "CBIX machine version used in price forecasts"}, "Capesize Frieght_Calcs_To_Actual_Nominated_Port Canals_Details": {"db_type": "single year multiple output", "model": "CBIX machine version used in price forecasts"}, "Capesize Frieght_Calcs_To_Actual_Nominated_Port Actual_Price_Determination_From_Cbix_Price Canals_Details": {"db_type": "single year multiple output", "model": "CBIX machine version used in price forecasts"}, "Capesize Frieght_Calcs_To_Actual_Nominated_Port Canals_Costs_Workings": {"db_type": "single year multiple output", "model": "CBIX machine version used in price forecasts"}, "Capesize Frieght_Calcs_To_Actual_Nominated_Port Actual_Price_Determination_From_Cbix_Price Canals_Costs_Workings": {"db_type": "single year multiple output", "model": "CBIX machine version used in price forecasts"}, "Capesize Frieght_Calcs_To_Actual_Nominated_Port Final_Costing_Up_For_Leg": {"db_type": "single year multiple output", "model": "CBIX machine version used in price forecasts"}, "Capesize Frieght_Calcs_To_Actual_Nominated_Port Actual_Price_Determination_From_Cbix_Price Final_Costing_Up_For_Leg": {"db_type": "single year multiple output", "model": "CBIX machine version used in price forecasts"}, "Capesize Frieght_Calcs_To_Actual_Nominated_Port Freight_Calcualtions_Actual_Port_Second_Leg": {"db_type": "single year multiple output", "model": "CBIX machine version used in price forecasts"}, "Capesize Frieght_Calcs_To_Actual_Nominated_Port Actual_Price_Determination_From_Cbix_Price Freight_Calcualtions_Actual_Port_Second_Leg": {"db_type": "single year multiple output", "model": "CBIX machine version used in price forecasts"}, "Capesize Frieght_Calcs_To_Actual_Nominated_Port Exporting_Port_Details_Loading_Rate_Second_Leg": {"db_type": "single year multiple output", "model": "CBIX machine version used in price forecasts"}, "Capesize Frieght_Calcs_To_Actual_Nominated_Port Actual_Price_Determination_From_Cbix_Price Exporting_Port_Details_Loading_Rate_Second_Leg": {"db_type": "single year multiple output", "model": "CBIX machine version used in price forecasts"}, "Capesize Frieght_Calcs_To_Actual_Nominated_Port Port_Linkages_Second_Leg": {"db_type": "single year multiple output", "model": "CBIX machine version used in price forecasts"}, "Capesize Frieght_Calcs_To_Actual_Nominated_Port Actual_Price_Determination_From_Cbix_Price Port_Linkages_Second_Leg": {"db_type": "single year multiple output", "model": "CBIX machine version used in price forecasts"}, "Capesize Frieght_Calcs_To_Actual_Nominated_Port Fuel_Prices_Second_Leg": {"db_type": "single year multiple output", "model": "CBIX machine version used in price forecasts"}, "Capesize Frieght_Calcs_To_Actual_Nominated_Port Actual_Price_Determination_From_Cbix_Price Fuel_Prices_Second_Leg": {"db_type": "single year multiple output", "model": "CBIX machine version used in price forecasts"}, "Capesize Frieght_Calcs_To_Actual_Nominated_Port Importing_Port_Details_Second_Leg": {"db_type": "single year multiple output", "model": "CBIX machine version used in price forecasts"}, "Capesize Frieght_Calcs_To_Actual_Nominated_Port Actual_Price_Determination_From_Cbix_Price Importing_Port_Details_Second_Leg": {"db_type": "single year multiple output", "model": "CBIX machine version used in price forecasts"}, "Capesize Frieght_Calcs_To_Actual_Nominated_Port Canals_Details_Second_Leg": {"db_type": "single year multiple output", "model": "CBIX machine version used in price forecasts"}, "Capesize Frieght_Calcs_To_Actual_Nominated_Port Actual_Price_Determination_From_Cbix_Price Canals_Details_Second_Leg": {"db_type": "single year multiple output", "model": "CBIX machine version used in price forecasts"}, "Capesize Frieght_Calcs_To_Actual_Nominated_Port Canals_Costs_Workings_Second_Leg": {"db_type": "single year multiple output", "model": "CBIX machine version used in price forecasts"}, "Capesize Frieght_Calcs_To_Actual_Nominated_Port Actual_Price_Determination_From_Cbix_Price Canals_Costs_Workings_Second_Leg": {"db_type": "single year multiple output", "model": "CBIX machine version used in price forecasts"}, "Capesize Frieght_Calcs_To_Actual_Nominated_Port Final_Costing_Up_For_Second_Leg": {"db_type": "single year multiple output", "model": "CBIX machine version used in price forecasts"}, "Capesize Frieght_Calcs_To_Actual_Nominated_Port Actual_Price_Determination_From_Cbix_Price Final_Costing_Up_For_Second_Leg": {"db_type": "single year multiple output", "model": "CBIX machine version used in price forecasts"}, "Capesize Freight_Calcs_To_Qingdao_First_Leg Frieght_Calculations-Actual_Port-First_Leg": {"db_type": "single year multiple output", "model": "CBIX machine version used in price forecasts"}, "Capesize Freight_Calcs_To_Qingdao_First_Leg Actual_Price_Determination_From_Cbix_Price Frieght_Calculations-Actual_Port-First_Leg": {"db_type": "single year multiple output", "model": "CBIX machine version used in price forecasts"}, "Capesize Freight_Calcs_To_Qingdao_First_Leg Exporting_Port_Details-Loading_Rates": {"db_type": "single year multiple output", "model": "CBIX machine version used in price forecasts"}, "Capesize Freight_Calcs_To_Qingdao_First_Leg Actual_Price_Determination_From_Cbix_Price Exporting_Port_Details-Loading_Rates": {"db_type": "single year multiple output", "model": "CBIX machine version used in price forecasts"}, "Capesize Freight_Calcs_To_Qingdao_First_Leg Port_Linkages": {"db_type": "single year multiple output", "model": "CBIX machine version used in price forecasts"}, "Capesize Freight_Calcs_To_Qingdao_First_Leg Actual_Price_Determination_From_Cbix_Price Port_Linkages": {"db_type": "single year multiple output", "model": "CBIX machine version used in price forecasts"}, "Capesize Freight_Calcs_To_Qingdao_First_Leg Fuel_Prices": {"db_type": "single year multiple output", "model": "CBIX machine version used in price forecasts"}, "Capesize Freight_Calcs_To_Qingdao_First_Leg Actual_Price_Determination_From_Cbix_Price Fuel_Prices": {"db_type": "single year multiple output", "model": "CBIX machine version used in price forecasts"}, "Capesize Freight_Calcs_To_Qingdao_First_Leg Importing_Port_Details": {"db_type": "single year multiple output", "model": "CBIX machine version used in price forecasts"}, "Capesize Freight_Calcs_To_Qingdao_First_Leg Actual_Price_Determination_From_Cbix_Price Importing_Port_Details": {"db_type": "single year multiple output", "model": "CBIX machine version used in price forecasts"}, "Capesize Freight_Calcs_To_Qingdao_First_Leg Canals_Details": {"db_type": "single year multiple output", "model": "CBIX machine version used in price forecasts"}, "Capesize Freight_Calcs_To_Qingdao_First_Leg Actual_Price_Determination_From_Cbix_Price Canals_Details": {"db_type": "single year multiple output", "model": "CBIX machine version used in price forecasts"}, "Capesize Freight_Calcs_To_Qingdao_First_Leg Canals_Costs_Workings": {"db_type": "single year multiple output", "model": "CBIX machine version used in price forecasts"}, "Capesize Freight_Calcs_To_Qingdao_First_Leg Actual_Price_Determination_From_Cbix_Price Canals_Costs_Workings": {"db_type": "single year multiple output", "model": "CBIX machine version used in price forecasts"}, "Capesize Freight_Calcs_To_Qingdao_First_Leg Final_Costing_Up_For_Leg": {"db_type": "single year multiple output", "model": "CBIX machine version used in price forecasts"}, "Capesize Freight_Calcs_To_Qingdao_First_Leg Actual_Price_Determination_From_Cbix_Price Final_Costing_Up_For_Leg": {"db_type": "single year multiple output", "model": "CBIX machine version used in price forecasts"}, "Capesize Freight_Calcs_To_Qingdao_First_Leg Freight_Calcualtions_Actual_Port_Second_Leg": {"db_type": "single year multiple output", "model": "CBIX machine version used in price forecasts"}, "Capesize Freight_Calcs_To_Qingdao_First_Leg Actual_Price_Determination_From_Cbix_Price Freight_Calcualtions_Actual_Port_Second_Leg": {"db_type": "single year multiple output", "model": "CBIX machine version used in price forecasts"}, "Capesize Freight_Calcs_To_Qingdao_First_Leg Exporting_Port_Details_Loading_Rate_Second_Leg": {"db_type": "single year multiple output", "model": "CBIX machine version used in price forecasts"}, "Capesize Freight_Calcs_To_Qingdao_First_Leg Actual_Price_Determination_From_Cbix_Price Exporting_Port_Details_Loading_Rate_Second_Leg": {"db_type": "single year multiple output", "model": "CBIX machine version used in price forecasts"}, "Capesize Freight_Calcs_To_Qingdao_First_Leg Port_Linkages_Second_Leg": {"db_type": "single year multiple output", "model": "CBIX machine version used in price forecasts"}, "Capesize Freight_Calcs_To_Qingdao_First_Leg Actual_Price_Determination_From_Cbix_Price Port_Linkages_Second_Leg": {"db_type": "single year multiple output", "model": "CBIX machine version used in price forecasts"}, "Capesize Freight_Calcs_To_Qingdao_First_Leg Fuel_Prices_Second_Leg": {"db_type": "single year multiple output", "model": "CBIX machine version used in price forecasts"}, "Capesize Freight_Calcs_To_Qingdao_First_Leg Actual_Price_Determination_From_Cbix_Price Fuel_Prices_Second_Leg": {"db_type": "single year multiple output", "model": "CBIX machine version used in price forecasts"}, "Capesize Freight_Calcs_To_Qingdao_First_Leg Importing_Port_Details_Second_Leg": {"db_type": "single year multiple output", "model": "CBIX machine version used in price forecasts"}, "Capesize Freight_Calcs_To_Qingdao_First_Leg Actual_Price_Determination_From_Cbix_Price Importing_Port_Details_Second_Leg": {"db_type": "single year multiple output", "model": "CBIX machine version used in price forecasts"}, "Capesize Freight_Calcs_To_Qingdao_First_Leg Canals_Details_Second_Leg": {"db_type": "single year multiple output", "model": "CBIX machine version used in price forecasts"}, "Capesize Freight_Calcs_To_Qingdao_First_Leg Actual_Price_Determination_From_Cbix_Price Canals_Details_Second_Leg": {"db_type": "single year multiple output", "model": "CBIX machine version used in price forecasts"}, "Capesize Freight_Calcs_To_Qingdao_First_Leg Canals_Costs_Workings_Second_Leg": {"db_type": "single year multiple output", "model": "CBIX machine version used in price forecasts"}, "Capesize Freight_Calcs_To_Qingdao_First_Leg Actual_Price_Determination_From_Cbix_Price Canals_Costs_Workings_Second_Leg": {"db_type": "single year multiple output", "model": "CBIX machine version used in price forecasts"}, "Capesize Freight_Calcs_To_Qingdao_First_Leg Final_Costing_Up_For_Second_Leg": {"db_type": "single year multiple output", "model": "CBIX machine version used in price forecasts"}, "Capesize Freight_Calcs_To_Qingdao_First_Leg Actual_Price_Determination_From_Cbix_Price Final_Costing_Up_For_Second_Leg": {"db_type": "single year multiple output", "model": "CBIX machine version used in price forecasts"}, "Capesize Final_Freight_Values": {"db_type": "single year multiple output", "model": "CBIX machine version used in price forecasts"}, "Capesize Actual_Price_Determination_From_Cbix_Price Final_Freight_Values": {"db_type": "single year multiple output", "model": "CBIX machine version used in price forecasts"}, "Capesize Workings_For_Viu_Adjustmnet_Of_Trade_Bauxite Cbauxite_At_Hand_Cost_To_Alumina_Bauxite_Details-Input": {"db_type": "single year multiple output", "model": "CBIX machine version used in price forecasts"}, "Capesize Workings_For_Viu_Adjustmnet_Of_Specific_Index Specific_Index_Viu_Calculation_Index_Bauxite_Details": {"db_type": "single year multiple output", "model": "CBIX machine version used in price forecasts"}, "Capesize Workings_For_Viu_Adjustmnet_Of_Specific_Index Actual_Price_Determination_From_Cbix_Price Specific_Index_Viu_Calculation_Index_Bauxite_Details": {"db_type": "single year multiple output", "model": "CBIX machine version used in price forecasts"}, "Capesize Workings_For_Viu_Adjustmnet_Of_Specific_Index Specific_Index_Viu_Calculation_China_Processing_Factors": {"db_type": "single year multiple output", "model": "CBIX machine version used in price forecasts"}, "Capesize Workings_For_Viu_Adjustmnet_Of_Specific_Index Actual_Price_Determination_From_Cbix_Price Specific_Index_Viu_Calculation_China_Processing_Factors": {"db_type": "single year multiple output", "model": "CBIX machine version used in price forecasts"}, "Capesize Workings_For_Viu_Adjustmnet_Of_Specific_Index Specific_Index_Viu_Calculation_Alumina_Production_Cost_Calcs_Excluding_Common_Elements": {"db_type": "single year multiple output", "model": "CBIX machine version used in price forecasts"}, "Capesize Workings_For_Viu_Adjustmnet_Of_Specific_Index Actual_Price_Determination_From_Cbix_Price Specific_Index_Viu_Calculation_Alumina_Production_Cost_Calcs_Excluding_Common_Elements": {"db_type": "single year multiple output", "model": "CBIX machine version used in price forecasts"}, "Capesize Workings_For_Viu_Adjustmnet_Of_General_Index General_Index_Viu_Calculation_Index_Bauxite_Details": {"db_type": "single year multiple output", "model": "CBIX machine version used in price forecasts"}, "Capesize Workings_For_Viu_Adjustmnet_Of_General_Index Actual_Price_Determination_From_Cbix_Price General_Index_Viu_Calculation_Index_Bauxite_Details": {"db_type": "single year multiple output", "model": "CBIX machine version used in price forecasts"}, "Capesize Workings_For_Viu_Adjustmnet_Of_General_Index General_Index_Viu_Calculation_China_Processing_Factors": {"db_type": "single year multiple output", "model": "CBIX machine version used in price forecasts"}, "Capesize Workings_For_Viu_Adjustmnet_Of_General_Index Actual_Price_Determination_From_Cbix_Price General_Index_Viu_Calculation_China_Processing_Factors": {"db_type": "single year multiple output", "model": "CBIX machine version used in price forecasts"}, "Capesize Workings_For_Viu_Adjustmnet_Of_General_Index General_Index_Viu_Calculation_Alumina_Production_Cost_Calcs_Excluding_Common_Elements": {"db_type": "single year multiple output", "model": "CBIX machine version used in price forecasts"}, "Capesize Workings_For_Viu_Adjustmnet_Of_General_Index Actual_Price_Determination_From_Cbix_Price General_Index_Viu_Calculation_Alumina_Production_Cost_Calcs_Excluding_Common_Elements": {"db_type": "single year multiple output", "model": "CBIX machine version used in price forecasts"}, "Capesize Workings_For_Viu_Adjustmnet_Of_Old_Cbix_Index Old_Cbix_Bauxite_At_Hand_Cost_To_Alumina_Bauxite_Details-Input": {"db_type": "single year multiple output", "model": "CBIX machine version used in price forecasts"}, "Capesize Workings_For_Viu_Adjustmnet_Of_Old_Cbix_Index Actual_Price_Determination_From_Cbix_Price Old_Cbix_Bauxite_At_Hand_Cost_To_Alumina_Bauxite_Details-Input": {"db_type": "single year multiple output", "model": "CBIX machine version used in price forecasts"}, "Capesize Workings_For_Viu_Adjustmnet_Of_Old_Cbix_Index Old_Cbix_Bauxite_At_Hand_Cost_To_Alumina_China_Processing_Factors": {"db_type": "single year multiple output", "model": "CBIX machine version used in price forecasts"}, "Capesize Workings_For_Viu_Adjustmnet_Of_Old_Cbix_Index Actual_Price_Determination_From_Cbix_Price Old_Cbix_Bauxite_At_Hand_Cost_To_Alumina_China_Processing_Factors": {"db_type": "single year multiple output", "model": "CBIX machine version used in price forecasts"}, "Capesize Workings_For_Viu_Adjustmnet_Of_Old_Cbix_Index Old_Cbix_Alumina_Production_Cost_Calcs_Excluding_Common_Elements": {"db_type": "single year multiple output", "model": "CBIX machine version used in price forecasts"}, "Capesize Workings_For_Viu_Adjustmnet_Of_Old_Cbix_Index Actual_Price_Determination_From_Cbix_Price Old_Cbix_Alumina_Production_Cost_Calcs_Excluding_Common_Elements": {"db_type": "single year multiple output", "model": "CBIX machine version used in price forecasts"}, "Capesize Workings_For_Viu_Adjustmnet_Of_Old_Cbix_Index Old_Cbix_Calculation_Index_Bauxite_Details": {"db_type": "single year multiple output", "model": "CBIX machine version used in price forecasts"}, "Capesize Workings_For_Viu_Adjustmnet_Of_Old_Cbix_Index Actual_Price_Determination_From_Cbix_Price Old_Cbix_Calculation_Index_Bauxite_Details": {"db_type": "single year multiple output", "model": "CBIX machine version used in price forecasts"}, "Capesize Workings_For_Viu_Adjustmnet_Of_Old_Cbix_Index Old_Cbix_Calculation_Bauxite_At_Hand_Cost_To_Alumina_China_Processing_Factors": {"db_type": "single year multiple output", "model": "CBIX machine version used in price forecasts"}, "Capesize Workings_For_Viu_Adjustmnet_Of_Old_Cbix_Index Actual_Price_Determination_From_Cbix_Price Old_Cbix_Calculation_Bauxite_At_Hand_Cost_To_Alumina_China_Processing_Factors": {"db_type": "single year multiple output", "model": "CBIX machine version used in price forecasts"}, "Capesize Workings_For_Viu_Adjustmnet_Of_Old_Cbix_Index Old_Cbix_Calculation_Alumina_Production_Cost_Calcs_Excluding_Common_Elements": {"db_type": "single year multiple output", "model": "CBIX machine version used in price forecasts"}, "Capesize Workings_For_Viu_Adjustmnet_Of_Old_Cbix_Index Actual_Price_Determination_From_Cbix_Price Old_Cbix_Calculation_Alumina_Production_Cost_Calcs_Excluding_Common_Elements": {"db_type": "single year multiple output", "model": "CBIX machine version used in price forecasts"}, "Capesize Actual Price Determination From Cbix Price Trade Details": {"db_type": "single year multiple output", "model": "CBIX machine version used in price forecasts"}, "Capesize Data_Tables Viu_Cost_Data_Table": {"db_type": "multiple year single output", "config": {"label": "Date"}}, "Capesize Data_Tables Data_Table_For_Freights": {"db_type": "multiple year single output", "config": {"label": "Date"}}, "Capesize Data_Tables Price_Forecast_Datatable": {"db_type": "multiple year single output", "config": {"label": "Date"}}, "Capesize Data_Tables Freight_Inputs_For_Row_Mining_Model": {"db_type": "multiple year single output", "config": {"label": "Date"}}}}