Mine,RMB per US$,AU$ per US$,US$ per US$,IMF Special Drawing Rights to US Dollar
West Kalimantan Generic,7.08342,0.61160022139928,1,1.35
West Kalimantan Generic,7.08342,0.61160022139928,1,1.35
West Kalimantan Generic,7.08342,0.61160022139928,1,1.35
West Kalimantan Generic,7.08342,0.61160022139928,1,1.35
West Kalimantan Generic,7.08342,0.61160022139928,1,1.35
West Kalimantan Generic,7.08342,0.61160022139928,1,1.35
West Kalimantan Generic,7.08342,0.61160022139928,1,1.35
West Kalimantan Generic,7.08342,0.61160022139928,1,1.35
