Mine,Calculated Index Price Equivalent,Total Alumina,LT Avail. Alumina,Total Silica,LT R.Silica,Quartz / HT Silica,Mono-hydrate / HT Alumina,Moisture,Processing,Processing Penalties
West Kalimantan Generic,48.300104036513154,0.48,0.44,0.08,0.035,0.045,0.005,0.15,LT,0.33
West Kalimantan Generic,44.964234745016306,0.48,0.44,0.08,0.035,0.045,0.005,0.15,LT,0.33
Weipa/Amrun Generic,46.59689161437465,0.54,0.3725,0.08999999999999998,0.0675,0.0225,0.1,0.125,HT-D,0.67
Malaysia Kuantan washed,52.78334170739681,0.5,0.45,0.05,0.05,0.0,0.0,0.1,LT,0.0
Malaysia Kuantan washed,60.20989775021849,0.5,0.45,0.05,0.05,0.0,0.0,0.1,LT,0.0
India Gujarat,56.36400138640906,0.5,0.45,0.05,0.05,0.0,0.0,0.1,LT,0.0
India Gujarat,60.76135179173653,0.5,0.45,0.05,0.05,0.0,0.0,0.1,LT,0.0
India Gujarat,53.33479574891485,0.5,0.45,0.05,0.05,0.0,0.0,0.1,LT,0.0
SMB Generic,38.9021517428983,0.45,0.4025,0.03,0.0125,0.0175,0.035,0.1,LT,0.33
