Mine,Calculated Index Price Equivalent,Total Alumina,LT Avail. Alumina,Total Silica,LT R.Silica,Quartz / HT Silica,Mono-hydrate / HT Alumina,Moisture,Processing,Processing Penalties
West Kalimantan Generic,46.62060798498506,0.5,0.45,0.05,0.05,0.0,0.0,0.1,LT,0.0
West Kalimantan Generic,46.62060798498506,0.5,0.45,0.05,0.05,0.0,0.0,0.1,LT,0.0
West Kalimantan Generic,44.96336213549309,0.5,0.45,0.05,0.05,0.0,0.0,0.1,LT,0.0
West Kalimantan Generic,44.96336213549309,0.5,0.45,0.05,0.05,0.0,0.0,0.1,LT,0.0
West Kalimantan Generic,47.38986453568652,0.5,0.45,0.05,0.05,0.0,0.0,0.1,LT,0.0
West Kalimantan Generic,47.38986453568652,0.5,0.45,0.05,0.05,0.0,0.0,0.1,LT,0.0
West Kalimantan Generic,45.20291874121633,0.5,0.45,0.05,0.05,0.0,0.0,0.1,LT,0.0
West Kalimantan Generic,45.20291874121633,0.5,0.45,0.05,0.05,0.0,0.0,0.1,LT,0.0
