Mine,Calculated Index Price Equivalent,Total Alumina,LT Avail. Alumina,Total Silica,LT R.Silica,Quartz / HT Silica,Mono-hydrate / HT Alumina,Moisture,Processing,Processing Penalties
West Kalimantan Generic,43.334194778408275,0.5,0.45,0.05,0.05,0.0,0.0,0.1,LT,0.0
West Kalimantan Generic,43.334194778408275,0.5,0.45,0.05,0.05,0.0,0.0,0.1,LT,0.0
Weipa/Amrun Generic,54.56185964037942,0.5,0.45,0.05,0.05,0.0,0.0,0.1,LT,0.0
Malaysia Kuantan washed,52.82309295225989,0.5,0.45,0.05,0.05,0.0,0.0,0.1,LT,0.0
Malaysia Kuantan washed,52.82309295225989,0.5,0.45,0.05,0.05,0.0,0.0,0.1,LT,0.0
India Gujarat,53.37454699377793,0.5,0.45,0.05,0.05,0.0,0.0,0.1,LT,0.0
India Gujarat,53.37454699377793,0.5,0.45,0.05,0.05,0.0,0.0,0.1,LT,0.0
India Gujarat,53.37454699377793,0.5,0.45,0.05,0.05,0.0,0.0,0.1,LT,0.0
SMB Generic,43.901784249345646,0.5,0.45,0.05,0.05,0.0,0.0,0.1,LT,0.0
