Mine,Handysize,Supramax loading rates,Panamax loading rates,NeoPanamax loading rate,Suezmax loading rate,Capesize loading rates,VLOC loading rates
West Kalimantan Generic,15000.0,15000.0,15000.0,15000.0,15000.0,15000.0,15000.0
West Kalimantan Generic,15000.0,15000.0,15000.0,15000.0,15000.0,15000.0,15000.0
West Kalimantan Generic,15000.0,15000.0,15000.0,15000.0,15000.0,15000.0,15000.0
West Kalimantan Generic,15000.0,15000.0,15000.0,15000.0,15000.0,15000.0,15000.0
West Kalimantan Generic,15000.0,15000.0,15000.0,15000.0,15000.0,15000.0,15000.0
West Kalimantan Generic,15000.0,15000.0,15000.0,15000.0,15000.0,15000.0,15000.0
West Kalimantan Generic,15000.0,15000.0,15000.0,15000.0,15000.0,15000.0,15000.0
West Kalimantan Generic,15000.0,15000.0,15000.0,15000.0,15000.0,15000.0,15000.0
