Mine,Vessel dwt,Vessel Class for timecharter & fuel burn rates,"Vessel Class for distance, canals, loading and unloading rates, fuel prices",Estimated LOA (length over all) (m),Estimated NRT (net register tons),Estimated GRT (gross register tons)
West Kalimantan Generic,60331.82503770739,Panamax,Panamax,198.55968325791852,24337.85822021116,36103.18401206637
West Kalimantan Generic,53981.10661268556,Supramax,Supramax,193.01550607287447,21775.97840755735,32807.79622132254
West Kalimantan Generic,60331.82503770739,Panamax,Panamax,198.55968325791852,24337.85822021116,36103.18401206637
West Kalimantan Generic,53981.10661268556,Supramax,Supramax,193.01550607287447,21775.97840755735,32807.79622132254
West Kalimantan Generic,60331.82503770739,Panamax,Panamax,198.55968325791852,24337.85822021116,36103.18401206637
West Kalimantan Generic,53981.10661268556,Supramax,Supramax,193.01550607287447,21775.97840755735,32807.79622132254
West Kalimantan Generic,60331.82503770739,Panamax,Panamax,198.55968325791852,24337.85822021116,36103.18401206637
West Kalimantan Generic,53981.10661268556,Supramax,Supramax,193.01550607287447,21775.97840755735,32807.79622132254
