Mine,HSFO(180 / 380),VLSFO,LNG,MDO/MGO Regular,MDO/MGO Low Sulphur
West Kalimantan Generic,204.75,270.125,,290.125,286.625
West Kalimantan Generic,204.75,270.125,,290.125,286.625
West Kalimantan Generic,204.75,270.125,,290.125,286.625
West Kalimantan Generic,204.75,270.125,,290.125,286.625
West Kalimantan Generic,204.75,270.125,,290.125,286.625
West Kalimantan Generic,204.75,270.125,,290.125,286.625
West Kalimantan Generic,204.75,270.125,,290.125,286.625
West Kalimantan Generic,204.75,270.125,,290.125,286.625
