Importer.Exporter Combination,2018_10,2018_11,2018_12,2019_1,2019_10,2019_11,2019_12,2019_2,2019_3,2019_4,2019_5,2019_6,2019_7,2019_8,2019_9
Algeria_India,0.0,0.0,0.0,5e-05,0.0,0.0,0.0,0.0,0.0,0.0,0.0,0.0,0.0,0.0,0.0
Algeria_Spain,0.0,0.0,0.0,0.0,0.0,0.0,0.0,0.0,0.0,0.0,0.0,0.0,0.0,0.0,0.0
Argentina_Brazil,0.00068115,0.00108715,0.0009381000000000001,0.001432,0.0014420820000000001,0.002505274,0.00146838,0.00073785,0.0016052,0.0012448,0.001563182,0.0009170000000000001,0.0003774,0.000528,0.000323764
Argentina_India,0.0,0.0,0.0,0.0,7.5e-05,0.0,0.0,5e-05,0.000175,0.000125,0.0,0.0,0.000175,0.000275,0.0
Argentina_Spain,0.0,0.0,0.0,0.0,0.0,0.0,0.0,0.0,0.0,0.0,0.0,0.0,0.0,0.0,0.0
Australia_Brazil,0.0,0.0,0.0,0.0,0.0,0.0,0.0,0.0,0.0,0.0,0.0,0.0,0.0,7e-07,0.0
Australia_Canada,0.0,0.0,0.0,0.0,0.0,0.0,0.0,0.0,0.0,0.0,0.0,0.0,0.0,0.0,0.0
Australia_China,0.0,0.0,0.0,0.0,0.0,0.0,0.0,0.0,0.0,0.0,0.0,0.0,0.0,0.0,0.0
Australia_Denmark,0.0,0.0,0.0,0.0,0.0,0.0,0.0,0.0,0.0,0.0,0.0,0.0,0.0,0.0,0.0
Australia_Germany,0.0,0.0,1.6e-05,0.0,0.0,0.0,0.0,2.1e-05,0.0,4.1e-05,0.0,0.0,0.0,1.2e-05,4.1e-05
Australia_Guyana,0.0,0.0,0.0,0.0,0.0,0.0,0.0,0.0,0.0,0.0,0.0,0.0,0.0,0.0,0.0
Australia_India,0.0,2e-05,0.0,0.0,0.0,0.0,0.0,2e-05,0.0,0.0,2.5e-05,0.0,0.0,0.0,0.0
Australia_Malaysia,0.0,0.0,0.0,0.0,3.3e-07,0.0,0.0,0.0,0.0,0.0,0.0,0.0,0.0,0.0,0.0
Australia_Netherlands,0.0,0.0,0.0,0.0,0.0,0.0,0.0,0.0,0.0,0.0,0.0,0.0,0.0,0.0,0.0
Australia_Spain,0.0,0.0,0.0,0.0,0.0,0.0,0.0,0.0,0.0,0.0,0.0,0.0,0.0,1e-06,0.0
Australia_Suriname,0.0,0.0,0.0,0.0,0.0,0.0,0.0,0.0,0.0,0.0,0.0,0.0,0.0,0.0,0.0
Australia_United Arab Emirates,0.0,0.0,0.0,0.0,0.0,0.0,0.0,0.0,0.0,0.0,0.0,0.0,0.0,0.0,0.0
Australia_United States,0.0,0.0,0.0,0.0,0.0,0.0,0.0,0.0,0.0,0.0,0.0,0.0,5e-06,0.0,0.0
Austria_Germany,7.2e-05,0.000252,7.4e-05,7.5e-05,0.000131,0.0,0.0,0.000148,0.000147,9.9e-05,0.000175,7.9e-05,0.00015,7.7e-05,7.5e-05
Austria_Turkey,0.0,0.0,0.0,0.0,0.0,1.4402e-05,0.0,0.0,0.0,0.0,0.0,1.2e-05,0.0,0.0,0.0
Azerbaijan_Russia,0.0,0.0,0.0,0.0,0.0,0.0,0.0,0.0,0.0,0.0,5e-06,0.0,0.0,0.0,0.0
Bangladesh_China,0.0,7.5e-05,0.0,0.0,0.0,0.0,0.0,0.0,0.0,0.0,0.0,0.0,0.0,0.0,0.0
Bangladesh_India,0.0,2e-05,0.0,7.5e-05,0.0001,0.0,0.0,1.1e-05,0.0,2.4e-05,0.0,2.5e-05,3.4e-05,0.0,0.0
Belarus_Russia,2.5000000000000002e-08,0.0,0.0,1e-06,0.0,0.0,0.0,0.0,1e-06,1e-06,0.0,0.0,0.0,0.0,0.0
Belgium_Brazil,0.0,0.0,0.0,0.0,0.0,0.0,0.0,0.0,0.0,0.0,0.0,0.0,0.0,0.0,2.1e-06
Belgium_France,0.00024,1e-06,1e-06,0.0012,0.001139,8e-06,0.0,0.0,0.00144,0.000966,0.000501,0.0015,0.001788,0.000987,0.00028
Belgium_Germany,4e-06,0.0,0.0,3.4e-05,2.4e-05,0.0,0.0,2.5e-05,3.2e-05,0.0,0.0,3.1e-05,0.0,1e-05,0.0
Belgium_Greece,0.0,0.0,0.0,0.0,0.02203,0.0,0.0,0.0,0.0,0.0,0.0,0.0,0.0,0.0,0.0
Belgium_India,0.0,0.0002,0.0,0.0,0.0001,0.0,0.0,0.0,0.0,0.0001,0.0,0.0,0.0,0.0,0.0001
Belgium_United States,1.6e-05,0.0,0.0,0.0,0.0,0.0,0.0,2.1e-05,2.1e-05,2.1e-05,0.0,0.0,0.0,2.1e-05,0.0
Benin_Turkey,0.0,0.0,0.0,0.0,0.0,0.0,0.0,0.0,0.0,0.0,0.0,0.0,0.0,0.0,0.0275
Bolivia_Brazil,0.00078871,0.0007183500000000001,0.00108589,0.0018952,0.0,0.0,0.00035476999999999997,0.0004678,0.0023345500000000003,0.00081203,0.00196477,0.00015823,5.597e-05,0.0,0.0
Bosnia & Herzegovina_Montenegro,0.0110414,0.005616690000000001,0.00763229,0.01628458,0.0020764900000000003,0.0020207000000000003,0.0,0.00851334,0.01282739,0.012055645,0.01231835,0.00889527,0.00855846,0.0063803,0.01575265
Brazil_Canada,0.0,0.0,0.0,0.0,0.0,0.0,0.0,0.0,0.0,0.0,0.0,0.0,0.0,0.0,0.0
Brazil_China,0.0,0.0,0.0,0.0,0.0,0.0,0.0,0.0,0.0,0.0,0.0,0.0,0.0,0.0,0.0
Brazil_Germany,0.0,1.5e-05,0.0,2.3e-05,0.0,0.0,0.0,0.0,0.0,2.3e-05,2.3e-05,0.0,5.1e-05,0.0,0.0
Brazil_Ghana,0.0,0.0,0.0,0.0,0.0,5e-05,0.0,0.0,5.015e-05,5.0475e-05,4.7654e-05,0.0,4.918e-05,0.0,0.0
Brazil_Guyana,0.0,0.0,0.0,0.0,0.0,0.0,0.0,0.0,0.0,0.0,0.0,0.0,0.0,0.0,0.0
Brazil_Hong Kong,0.0,0.0,0.0,0.0,0.0,0.0,0.0,0.0,0.0,0.0,0.0,0.0,0.0,0.0,0.0
Brazil_India,0.0,0.0,0.0,0.0,0.0,0.0,0.0,0.0,2.5e-05,0.0,0.0,5e-05,0.0,5e-05,0.0
Brazil_Japan,0.0,0.0,0.0,0.0,0.0,0.0,0.0,0.0,0.0,0.0,0.0,0.0,0.0,0.0,0.0
Brazil_Singapore,0.0,0.0,0.0,0.0,0.0,0.0,0.0,0.0,0.0,0.0,0.0,0.0,0.0,0.0,0.0
Brazil_Spain,0.0,2.5e-05,0.0,0.0,2.3e-05,1.8e-05,0.0,0.000185,0.0,0.000177,2.3e-05,4.6e-05,2.5e-05,6.9e-05,0.0
Brazil_Turkey,0.0,0.0,0.0,0.0,0.0,0.0,0.0,0.0,0.0,0.0,0.0,0.0,7.5e-05,0.0,0.0
Brazil_United States,0.0,0.0,0.0,0.0,0.0,0.0,0.0,0.0,0.0,0.0,0.0,0.0,0.0,0.0,0.0
Bulgaria_India,0.0,0.0,0.0,0.0,0.0,0.0,0.0,0.0,0.0,0.0,0.00016,0.0,0.0,0.0,0.0
Canada_Brazil,0.16491499999999998,0.147287,0.262193,0.106902,0.394112,0.208117,0.162178,0.27095130100000003,0.215392,0.16625700000000002,0.16471100000000002,0.058262999999999995,0.33563600000000005,0.168238,0.166515
Canada_Chile,0.0,0.0,0.0,0.0,0.0,0.0,0.0,0.0,0.0,0.0,0.0,0.0,0.0,0.0,0.0
Canada_China,0.0,0.0,0.0,0.0,0.0,0.0,0.0,0.0,0.0,0.0,0.0,0.0,0.0,0.0,0.0
Canada_France,0.0,0.0,0.0,0.0,0.0,0.0,0.0,0.0,0.0,0.0,0.0,0.0,0.0,0.0,0.0
Canada_Ghana,0.0,0.0,0.0,0.0,0.0,5.638e-05,0.0,0.0,5.261e-05,0.0585,0.0,0.0,0.00011681,0.0,0.0
Canada_Guinea,0.0,0.0,0.0,0.0,0.0,0.0,0.0,0.0,0.0,0.0,0.0,0.0,0.0,0.0,0.0
Canada_Guyana,0.0,0.0,0.0,0.0,0.0,0.0,0.0,0.0,0.0,0.0,0.0,0.0,0.0,0.0,0.0
Canada_Italy,0.0,0.0,0.0,0.0,0.0,0.0,0.0,0.0,0.0,0.0,0.0,0.0,0.0,0.0,0.0
Canada_Mexico,0.0,0.0,0.0,0.0,0.0,0.0,0.0,0.0,0.0,0.0,0.0,0.0,0.0,0.0,0.0
Canada_Netherlands,0.0,0.0,0.0,0.0,0.0,0.0,0.0,0.0,0.0,0.0,0.0,0.0,0.0,0.0,0.0
Canada_Sierra Leone,0.0,0.0,0.0,0.0,0.0,0.0,0.0,0.0,0.0,0.0,0.0,0.0,0.0,0.0,0.0
Canada_Singapore,0.0,0.0,0.0,0.0,0.0,0.0,0.0,0.0,0.0,0.0,0.0,0.0,0.0,0.0,0.0
Canada_South Africa,0.0,0.0,0.0,0.0,0.0,0.0,0.0,0.0,0.0,0.0,0.0,0.0,0.0,0.0,0.0
Canada_Turkey,0.022,0.047450000000000006,0.0,0.0,0.02,0.0,0.0,0.0,0.034843000000000006,0.04278846,0.0,0.026,0.0,0.051770000000000004,0.022269999999999998
Canada_United Kingdom,0.0,0.0,0.0,0.0,0.0,0.0,0.0,0.0,0.0,0.0,0.0,0.0,0.0,0.0,0.0
Canada_United States,0.0009530000000000001,0.000414,0.000172,0.000335,0.00075,0.00039900000000000005,0.00033,0.000448,0.00036399999999999996,0.001031,0.0006580000000000001,0.000446,0.000652,0.00026,0.000748
Cayman Islands_United States,0.0,0.0,0.0,0.0,0.0,0.0,6e-06,0.0,0.0,0.0,0.0,0.0,0.0,0.0,0.0
Ceuta_Spain,0.0,0.0,0.0,0.0,0.0,0.0,0.0,0.0,0.0,0.0,0.0,0.0,0.0,0.0,0.0
Chile_Canada,0.0,0.0,8.742e-06,0.0,0.0,0.0,0.0,0.0,0.0,0.0,0.0,0.0,0.0,0.0,0.0
Chile_United States,0.0,0.0,7.3e-05,1.8e-05,0.0,0.0,0.0,0.0,7.3e-05,0.000143,1.8e-05,0.0,0.0,0.0,0.0
China_Australia,2.971086,2.381383,2.370593,2.562255,3.360997,3.985993,0.0,2.092768,2.852136,3.147477,3.107334,2.874709,3.191817,3.526133,3.733443
China_Brazil,0.22566999999999998,0.399034,0.347893,0.059427,0.0,0.0,0.0,0.28238,0.338822,0.0,0.0,0.21714,0.279452,0.058306,0.278101
China_Germany,0.0,0.0,0.0,1.5e-05,0.0,0.0,0.0,0.0,0.0,0.0,0.0,0.0,1.4e-05,0.0,0.0
China_Ghana,5.7308e-05,0.0,0.0,0.000224212,0.0,0.0,0.0,6.175e-05,0.0,0.0,0.0,0.0,0.0,0.0,0.0
China_Guinea,0.0,0.0,0.0,0.0,0.0,0.0,0.0,0.0,0.0,0.0,0.0,0.0,0.0,0.0,0.0
China_Guyana,0.0,0.0,0.0,0.0,0.0,0.0,0.0,0.0,0.0,0.0,0.0,0.0,0.0,0.0,0.0
China_India,0.0,0.045899999999999996,4.8e-07,0.218,0.0,0.0,0.0,0.15,0.023511,0.00032900000000000003,0.0,0.0,0.0,0.0,0.000178
China_Indonesia,0.954618491,1.146510699,0.947709474,1.30550094,1.559703582,1.62442129,0.0,1.351073435,1.1115499420000001,1.134373908,1.166951611,0.9056933659999999,1.4324209739999998,1.2223408409999998,0.844038908
China_Ireland,0.0,0.0,0.0,0.0,0.0,0.0,0.0,0.0,0.0,0.0,0.0,0.0,0.0,0.0,0.0
China_Jamaica,0.0,0.0,0.0,0.0,0.0,0.0,0.0,0.0,0.0,0.0,0.0,0.0,0.0,0.0,0.0
China_Madagascar,0.0,0.0,0.0,0.0,0.0,0.0,0.0,0.0,0.0,0.0,0.0,0.0,0.0,0.0,0.0
China_Malaysia,0.055085,0.11081,0.13273,0.05507,0.066508921,0.0,0.0,0.08917,0.0,0.25669939199999997,0.08,0.0997,0.112155706,0.0585,0.0
China_Montenegro,0.0,0.07700217000000001,0.066294298,0.0,0.069220606,0.0,0.0,0.0,0.067647146,0.0,0.064521567,0.07670020200000001,0.0,0.0,0.146311424
China_Pakistan,0.0,0.0,0.0,0.0,0.0,0.0,0.0,0.0,0.0,0.0,0.0,0.0,0.0,0.0,0.0
China_Philippines,0.0,0.0,0.0,0.0,0.0,0.0,0.0,0.0,0.0,0.0,0.0,0.0,0.0,0.0,0.0
China_Saudi Arabia,0.0,0.0,0.0,0.0,0.0,0.0,0.0,0.0,0.0,0.0,0.0,0.0,0.0,0.0,0.0
China_Sierra Leone,0.0,0.0,0.0,0.0,0.0,0.0,0.0,0.0,0.0,0.0,0.0,0.0,0.0,0.0,0.0
China_Solomon Islands,0.0,0.0,0.0,0.0,0.0,0.0,0.0,0.0,0.0,0.0,0.0,0.0,0.0,0.0,0.0
China_Spain,3.9e-05,3.5e-05,2e-05,4.3e-05,0.0,0.0,0.0,6.4e-05,0.00018,1.4e-05,5e-06,6.6e-05,3.6e-05,2e-05,0.0
China_Turkey,0.0,0.0,0.0545,0.005324496,0.07495335,0.07225,0.0,0.000648705,0.07550602000000001,0.00050108,0.0,0.061151000000000004,0.0,0.0,0.05340896999999999
China_United States,0.000125,0.0,0.000123,6.9e-05,4e-05,0.000916,0.00012,8e-05,0.0,0.00012,0.0,6.1e-05,0.0,6e-05,4e-05
China_Vietnam,0.0,0.0,0.0,0.0,0.0,0.0,0.0,0.0,0.0,0.0,0.0,0.0,0.0,0.0,0.0
Colombia_Brazil,0.00011,5.3e-05,2e-05,2e-05,1.7964e-05,0.0,4e-06,5.8e-05,0.0,8e-05,0.0,2.5e-05,0.0,0.0,0.0
Colombia_India,0.0,0.0,0.0,0.0,0.0,0.0,0.0,0.0,0.0,0.0,2.5e-05,0.0,0.0,0.0,0.0
Croatia_Brazil,0.0,0.0,0.0,0.0,0.0,0.0,0.0,0.0,0.0,0.0,0.0,0.0,0.000302805,0.0,0.0
Croatia_China,0.001512,0.000504,0.001004,0.001008,0.000504,0.00132,0.001512,0.001008,0.001032,0.001032,0.00156,0.000528,0.000504,0.001008,0.00100385
Croatia_Greece,0.0033,0.00275,0.0,0.0,0.004976,0.0,0.0,0.005582,0.0,0.003062,0.00564,0.0,0.0,0.0,0.005
Croatia_Montenegro,0.0,0.0,0.0,0.0,0.0,0.0,0.0,0.0,0.0,0.0,0.0,0.0,0.0,7.506e-05,0.0
Croatia_Turkey,0.0,0.0,0.00415,0.0022,0.0,0.0015,0.0,0.0,0.004,0.0,0.0,0.0052,0.0,0.0,0.0
Cuba_India,0.0,0.0,0.0,0.0002,0.0,0.0,0.0,0.0,0.0,0.0,0.0,0.0001,0.0,0.0,0.0
Cuba_Spain,0.000269,0.0,0.0,0.0,0.0,0.0,0.0,0.0,0.0,0.0,0.0,0.00013,0.0,0.0,0.0
Czech Republic_France,0.0,0.0,0.0,0.0,3e-06,0.0,0.0,0.0,0.0,0.0,0.0,0.0,7.1e-05,2.4e-05,0.0
Czech Republic_Germany,0.000656,0.000406,0.004724,0.000699,0.000255,0.0,0.0,0.000566,0.000483,0.00064,0.000386,0.000146,0.000309,0.000268,0.000247
Czech Republic_Montenegro,0.0,0.001503,0.0,0.0,0.001375,0.0020800000000000003,0.0,0.0,0.0,0.0,0.0,0.0014299999999999998,1.9999999999999997e-09,0.001444,0.0007199999999999999
Czech Republic_United States,3.8e-05,2e-05,0.0,1.9e-05,0.0,0.0,0.0,0.0,3.8e-05,1.9e-05,0.0,0.0,0.0,0.0,3.7e-05
Denmark_Brazil,0.0,0.0,0.0,0.0,0.0,0.00013472999999999998,0.002074842,0.0,0.0,0.0,0.0,0.0,0.0,0.0,0.0
Denmark_Germany,8.8e-05,6.5e-05,7.9e-05,3.8e-05,1.5e-05,0.0,0.0,0.0,1.1e-05,8e-05,5.4e-05,2.7e-05,0.000106,0.000105,0.0
Ecuador_United States,0.0,1.9e-05,0.0,0.0,0.0,0.0,0.0,0.0,0.0,0.0,0.0,0.0,0.0,0.0,0.0
Finland_Germany,1.7e-05,0.0,0.0,0.0,0.0,0.0,0.0,0.0,0.0,0.0,0.0,0.0,0.0,0.0,0.0
Finland_Russia,0.0,4.8079999999999995e-06,0.0,0.0,0.0,0.0,0.0,0.0,0.0,0.0,0.0,0.0,0.0,0.0,2.1986e-05
France_Australia,0.0,0.0,0.0,0.0,0.0,0.0,0.0,0.0,0.0,0.0,0.0,0.0,0.0,0.0,0.0
France_Austria,0.0,0.0,0.0,0.0,0.0,0.0,0.0,0.0,0.0,0.0,0.0,0.0,0.0,0.0,0.0
France_Belgium,0.0,0.0,0.0,0.0,0.0,0.0,0.0,0.0,0.0,0.0,0.0,0.0,0.0,0.0,0.0
France_Brazil,0.0,0.0,0.0,0.0,0.0,0.0,6.3e-08,0.0,0.0,0.0,0.0,0.0,0.0,0.0,0.0
France_China,0.0,0.0,0.0,0.0,0.0,0.0,0.00879993,0.0,0.0073482,0.0072,0.0,0.0,0.0,0.0008631299999999999,0.0
France_Estonia,0.0,0.0,0.0,0.0,0.0,0.0,0.0,0.0,0.0,0.0,0.0,0.0,0.0,0.0,0.0
France_Germany,0.00018,5.9e-05,4.9e-05,0.000113,3.9e-05,0.0,0.0,6.3e-05,6.6e-05,0.000155,2.7e-05,3.5e-05,0.000112,1.2e-05,3e-05
France_Greece,0.023196,0.018714,0.015509,0.017004,0.0,0.027986,0.0,0.017306,0.015707,0.025414,0.019012,0.018403,0.023555,0.02105,0.022281
France_Guinea,0.0,0.0,0.0,0.0,0.0,0.0,0.0,0.0,0.0,0.0,0.0,0.0,0.0,0.0,0.0
France_Guyana,0.0,0.0,0.0,0.0,0.0,0.0,0.0,0.0,0.0,0.0,0.0,0.0,0.0,0.0,0.0
France_India,0.00034399999999999996,0.0,0.0,3.9999999999999994e-09,0.0,0.0,0.0,0.0,0.0,0.0003,0.0003,0.0,0.0,0.0,0.0
France_Italy,0.0,0.0,0.0,0.0,0.0,0.0,0.0,0.0,0.0,0.0,0.0,0.0,0.0,0.0,0.0
France_Luxembourg,0.0,0.0,0.0,0.0,0.0,0.0,0.0,0.0,0.0,0.0,0.0,0.0,0.0,0.0,0.0
France_Madagascar,0.0,0.0,0.0,0.0,0.0,0.0,0.0,0.0,0.0,0.0,0.0,0.0,0.0,0.0,0.0
France_Montenegro,0.0,0.0,0.0,0.0,0.0,0.0,0.0,0.0,0.0,0.0,0.0,0.00028516,2.5260000000000002e-05,0.0,0.0
France_Netherlands,0.0,0.0,0.0,0.0,0.0,0.0,0.0,0.0,0.0,0.0,0.0,0.0,0.0,0.0,0.0
France_Niger,0.0,0.0,0.0,0.0,0.0,0.0,0.0,0.0,0.0,0.0,0.0,0.0,0.0,0.0,0.0
France_Spain,0.000146,0.000155,0.0,2.4e-05,7.9e-05,0.0,0.0,5e-06,0.0,0.0,0.0,0.000145,0.00016,7.8e-05,0.0001
France_Turkey,0.0,0.0,0.01,0.0,0.0,0.0,0.0,0.0,0.005,0.0,0.0,0.0,0.0,0.0,0.0085
France_United Kingdom,0.0,0.0,0.0,0.0,0.0,0.0,0.0,0.0,0.0,0.0,0.0,0.0,0.0,0.0,0.0
France_United States,0.0,0.0,0.0,0.0,0.0,0.0,0.0,0.0,0.0,0.0,0.0,0.0,0.0,0.0,0.0
FTZ-Yumurtalik_Turkey,0.004,0.008,0.0040459,0.006,0.005,0.0,0.0,0.0,0.015,0.005,0.0,0.01,0.004,0.004,0.015
Georgia_Turkey,0.0,0.0,0.0,0.0,0.0,0.0046,0.0,0.0,0.0,0.0,0.0,0.0,0.0,0.0,0.0
Germany_Austria,0.0,0.0,0.0,0.0,0.0,0.0,0.0,0.0,0.0,0.0,0.0,0.0,0.0,0.0,0.0
Germany_Belgium,0.0,0.0,0.0,0.0,0.0,0.0,0.0,0.0,0.0,0.0,0.0,0.0,0.0,0.0,0.0
Germany_Brazil,0.0,0.00059976,0.0,0.0550253,0.0,0.052872,7.097e-06,0.0,0.0,0.0,0.0,0.053605,0.0,0.0,0.056597
Germany_China,0.0,0.0,0.00044,0.0,0.0,0.0,0.0,0.0,0.0,8.28e-05,0.0,0.0,0.0,0.0,0.0
Germany_Czech Republic,0.0,0.0,0.0,0.0,0.0,0.0,0.0,0.0,0.0,0.0,0.0,0.0,0.0,0.0,0.0
Germany_Denmark,0.0,0.0,0.0,0.0,0.0,0.0,0.0,0.0,0.0,0.0,0.0,0.0,0.0,0.0,0.0
Germany_France,0.000768,2.5e-05,2e-06,0.001819,0.002091,8e-06,0.0,0.001494,0.004625,0.00227,0.003576,0.005337,0.002813,0.003231,0.004288
Germany_Ghana,0.0,0.0,0.0,0.0,0.0,5.305e-05,0.0,0.0,0.0,0.0,0.0,0.0,0.0,0.0,0.0
Germany_Guinea,0.0,0.0,0.0,0.0,0.0,0.0,0.0,0.0,0.0,0.0,0.0,0.0,0.0,0.0,0.0
Germany_India,0.000725,0.000375,0.0002,0.0002,0.0,0.0,0.0,0.0,0.0002,0.0,0.0,0.0002,0.0002,7.5e-08,0.0002
Germany_Italy,0.0,0.0,0.0,0.0,0.0,0.0,0.0,0.0,0.0,0.0,0.0,0.0,0.0,0.0,0.0
Germany_Latvia,0.0,0.0,0.0,0.0,0.0,0.0,0.0,0.0,0.0,0.0,0.0,0.0,0.0,0.0,0.0
Germany_Luxembourg,0.0,0.0,0.0,0.0,0.0,0.0,0.0,0.0,0.0,0.0,0.0,0.0,0.0,0.0,0.0
Germany_Montenegro,0.0,0.0,0.0,0.0,3.9999999999999994e-09,0.0,0.0,0.0,0.0,0.0,0.0,0.0,0.0,0.0,0.0
Germany_Netherlands,0.0,0.0,0.0,0.0,0.0,0.0,0.0,0.0,0.0,0.0,0.0,0.0,0.0,0.0,0.0
Germany_Slovenia,0.0,0.0,0.0,0.0,0.0,0.0,0.0,0.0,0.0,0.0,0.0,0.0,0.0,0.0,0.0
Germany_Spain,0.0,0.0,0.0,0.0,0.0,0.0,0.0,0.0,0.0,0.0,0.0,0.00015,0.0,0.0,1e-06
Germany_Sweden,0.0,0.0,0.0,0.0,0.0,0.0,0.0,0.0,0.0,0.0,0.0,0.0,0.0,0.0,0.0
Germany_Switzerland,0.0,0.0,0.0,0.0,0.0,0.0,0.0,0.0,0.0,0.0,0.0,0.0,0.0,0.0,0.0
Germany_Turkey,0.0,0.008,0.0,0.0,0.0,0.0,0.0,0.0,0.0,0.0,0.0,0.0,0.008,0.0,0.0
Germany_United Kingdom,0.0,0.0,0.0,0.0,0.0,0.0,0.0,0.0,0.0,0.0,0.0,0.0,0.0,0.0,0.0
Germany_United States,3.8e-05,1.9e-05,3.8e-05,1.9e-05,3.8e-05,1.9e-05,1.9e-05,3.8e-05,1.9e-05,7.6e-05,1.9e-05,3.8e-05,1.9e-05,1.9e-05,0.0
Greece_Brazil,0.0,0.089202,0.086396,0.138006,0.047299999999999995,0.0,0.09218000000000001,0.0,0.0,0.047109000000000005,0.047715,0.0,0.09321299999999999,0.08804300000000001,0.04425
Greece_China,0.0,0.0,0.0,0.0,0.0,0.0,0.0,0.0,0.0,0.0,0.0,0.0,0.0,0.0,0.0
Greece_Germany,0.0,0.0,0.0,0.0,0.0,0.0,0.0,0.0,0.0,9.8e-05,0.0,0.0,0.0,0.0,0.0
Greece_Guinea,0.0,0.0,0.0,0.0,0.0,0.0,0.0,0.0,0.0,0.0,0.0,0.0,0.0,0.0,0.0
Greece_Montenegro,0.0,0.0,0.0,0.0,0.0,0.0,0.0,0.0,0.006999213,0.0,0.0,0.0,0.0,0.0,0.0
Greece_Netherlands,0.0,0.0,0.0,0.0,0.0,0.0,0.0,0.0,0.0,0.0,0.0,0.0,0.0,0.0,0.0
Greece_Turkey,0.00797,0.01737386,0.005237334,0.012,0.006,0.006,0.0,0.0058,0.01128,0.01128,0.021257,0.01675,0.01128,0.01129,0.012
Guatemala_India,0.0,0.0,0.0,0.0,5e-05,0.0,0.0,0.0,0.0,5e-05,0.0,0.0,5e-05,0.0,5e-05
Guinea_Australia,0.0,0.0,0.0,0.0,0.0,0.0,0.0,0.0,0.0,0.0,0.0,0.0,0.0,0.0,0.0
Guinea_India,0.0,0.0,0.0,0.0,0.0,0.0,0.0,0.0,0.0,2.0000000000000002e-07,0.0,0.0,0.0,0.0,0.0
Hungary_Germany,5.8e-05,5.4e-05,9.8e-05,0.000145,0.0,0.0,0.0,8.8e-05,5.5e-05,0.000145,0.000117,1.2e-05,0.000139,0.0001,9e-05
India_Brazil,0.168766,0.04718,0.172474,0.183119,0.0011317319999999999,0.0,0.0,0.0,0.0,0.0,0.0,0.0,0.0,0.0,0.0
India_China,0.0,0.0,0.0,0.0,0.0,0.0,0.0,0.0,0.0,0.0,0.0,0.0,0.0,0.0,0.0
India_Germany,0.0,0.0,0.0,0.0,0.0,0.0,0.0,0.0,0.0,0.0,0.0,0.0,0.0,0.0,0.0
India_Ghana,6.21e-05,0.0,0.0,0.0,0.0,0.0,0.0,0.0,0.0,0.0,0.0,0.0,0.0,0.0,0.0
India_Guinea,0.0,0.0,0.0,0.0,0.0,0.0,0.0,0.0,0.0,0.0,0.0,0.0,0.0,0.0,0.0
India_Guyana,0.0,0.0,0.0,0.0,0.0,0.0,0.0,0.0,0.0,0.0,0.0,0.0,0.0,0.0,0.0
India_Hong Kong,0.0,0.0,0.0,0.0,0.0,0.0,0.0,0.0,0.0,0.0,0.0,0.0,0.0,0.0,0.0
India_Montenegro,0.0,0.0,0.0,0.0,2.5000000000000002e-08,0.0,0.0,0.0,0.0,0.0,0.0,0.0,1e-08,0.0,0.0
India_Netherlands,0.0,0.0,0.0,0.0,0.0,0.0,0.0,0.0,0.0,0.0,0.0,0.0,0.0,0.0,0.0
India_Pakistan,0.0,0.0,0.0,0.0,0.0,0.0,0.0,0.0,0.0,0.0,0.0,0.0,0.0,0.0,0.0
India_Poland,0.0,0.0,0.0,0.0,0.0,0.0,0.0,0.0,0.0,0.0,0.0,0.0,0.0,0.0,0.0
India_Sierra Leone,0.0,0.0,0.0,0.0,0.0,0.0,0.0,0.0,0.0,0.0,0.0,0.0,0.0,0.0,0.0
India_Singapore,0.0,0.0,0.0,0.0,0.0,0.0,0.0,0.0,0.0,0.0,0.0,0.0,0.0,0.0,0.0
India_Solomon Islands,0.0,0.0,0.0,0.0,0.0,0.0,0.0,0.0,0.0,0.0,0.0,0.0,0.0,0.0,0.0
India_Sweden,0.0,0.0,0.0,0.0,0.0,0.0,0.0,0.0,0.0,0.0,0.0,0.0,0.0,0.0,0.0
India_Taiwan,0.0,0.0,0.0,0.0,0.0,0.0,0.0,0.0,0.0,0.0,0.0,0.0,0.0,0.0,0.0
India_Trinidad & Tobago,0.0,0.0,0.0,0.0,0.0,0.0,0.0,0.0,0.0,0.0,0.0,0.0,0.0,0.0,0.0
India_Ukraine,0.0,0.0,0.0,0.0,0.0,0.0,0.0,0.0,0.0,0.0,0.0,0.0,0.0,0.0,0.0
India_United Arab Emirates,0.0,0.0,0.0,0.0,0.0,0.0,0.0,0.0,0.0,0.0,0.0,0.0,0.0,0.0,0.0
India_United States,0.0,0.0,5e-06,5e-06,0.0,2e-05,0.0,0.0,0.0,1e-06,2e-05,0.0,0.0,0.0,2e-05
Indonesia_Australia,0.0,6.8e-05,3e-06,0.0,0.0,0.0,0.0,0.0,0.0,0.0,0.0,0.0,0.0,0.0,0.0
Indonesia_Brazil,0.0,0.0,0.0,0.0,0.0,3.7499999999999997e-06,0.0,0.0,0.0,0.0,0.0,0.0,0.0,0.0,0.0
Indonesia_China,0.0,0.0,0.0,0.0,0.0,0.0,0.0,0.0,0.0,0.0,0.0,0.0,0.0,0.0,0.0
Indonesia_Germany,0.0,0.0,6e-05,0.0,0.0,0.0,0.0,0.0,0.0,0.0,0.000101,0.0,0.0,0.0,0.0
Indonesia_India,0.000375,0.00025,0.0,0.0,0.000125,0.0,0.0,0.0,0.0,0.0,0.0,7.5e-05,0.0,0.0,0.0
"Indonesia_Korea, South",0.0,0.0,0.0,0.0,0.0,0.0,0.0,0.0,0.0,0.0,0.0,0.0,0.0,0.0,0.0
Indonesia_Netherlands,0.0,0.0,0.0,0.0,0.0,0.0,0.0,0.0,0.0,0.0,0.0,0.0,0.0,0.0,0.0
Indonesia_United Kingdom,0.0,0.0,0.0,0.0,0.0,0.0,0.0,0.0,0.0,0.0,0.0,0.0,0.0,0.0,0.0
Indonesia_United States,0.0,0.0,0.0,0.0,0.0,0.0,0.0,0.0,0.0,0.0,0.0,0.0,0.0,0.0,0.0
Iran_China,0.0,0.0,0.0,0.0,0.0,0.0,0.0,0.0,0.0,0.0,0.0,0.0,0.0,0.0,0.0
Iran_India,0.0,0.0,0.0,0.0,0.0,0.0,0.0,0.0,0.0,2.0000000000000002e-07,0.0,0.0,0.0,0.0,0.0
Iran_Turkey,0.0,0.0,0.0,0.0,0.0,0.0,0.0,2.5e-05,0.0,0.0,0.0,0.0,0.0,0.0,0.0
Iran_United Arab Emirates,0.0,0.0,0.0,0.0,0.0,0.0,0.0,0.0,0.0,0.0,0.0,0.0,0.0,0.0,0.0
Iraq_Iran,0.00093887,0.00060355,0.0,0.00152137,0.0,0.0,0.0,0.00540989,0.0,0.0,0.0,0.0,0.0,0.0,0.0
Ireland_Brazil,0.046,0.16698400000000002,0.244158,0.053810000000000004,0.157688,0.046838,0.158545,0.110961,0.114327,0.119945,0.057587000000000006,0.120102,0.120014,0.111994,0.176362
Ireland_Germany,0.0,0.0,0.0,0.0,0.0,0.0,0.0,0.0,0.0,0.0,0.0,0.0,0.0,0.0,0.0
Ireland_Greece,0.0,0.0,0.006402,0.0,0.0,0.0,0.0,0.0,0.0,0.004,0.0,0.0,0.0,0.0,0.0
Ireland_Guinea,0.0,0.0,0.0,0.0,0.0,0.0,0.0,0.0,0.0,0.0,0.0,0.0,0.0,0.0,0.0
Ireland_Not Determin Extra EU Trade,0.0,0.0,0.0,0.0,0.0,0.0,0.0,0.0,0.0,0.0,0.0,0.0,0.0,0.0,0.0
Ireland_Turkey,0.0076500000000000005,0.0,0.00525,0.0,0.0060750000000000005,0.00375,0.0,0.0,0.0,0.0058,0.00475,0.0035,0.0,0.00888,0.0
Ireland_United Kingdom,0.0,0.0,0.0,0.0,0.0,0.0,0.0,0.0,0.0,0.0,0.0,0.0,0.0,0.0,0.0
Ireland_United States,0.0,0.0,0.0,0.0,0.0,0.0,0.0,0.0,0.0,0.0,0.0,0.0,0.0,0.0,0.0
Israel_Greece,0.0,0.0,0.0,0.0,0.0,0.0,0.0,0.0,0.0,0.0,0.0,1e-05,0.0,0.0,0.0
Israel_Turkey,0.0101,0.0,0.0,0.0,0.0101,0.01,0.0,0.0,0.0,0.01,0.0,0.01,0.0,0.01,0.01
Israel_United States,0.0,0.0,0.0,0.0,0.0,0.0,0.0,0.0,0.0,1e-06,0.0,0.0,0.0,0.0,0.0
Italy_China,0.0,0.0,0.0,0.00054,0.0,0.0,0.0,0.00045900000000000004,0.000162,0.00035099999999999997,0.0,0.0,0.0,0.0,0.0
Italy_France,0.001037,2.1e-05,2e-06,0.000495,0.001425,1.3e-05,0.0,0.0,0.003279,0.000467,0.001194,0.005468,0.00096,0.000956,0.000959
Italy_Germany,0.0,6.8e-05,4.9e-05,0.0,2e-06,0.0,0.0,2.4e-05,2.5e-05,2.4e-05,4e-05,0.0,1e-05,5e-05,2.4e-05
Italy_Greece,0.0,0.0,0.003347,0.0,0.0,0.0,0.0,0.0,0.004805,0.0,0.0,0.0,0.003303,0.0,0.0
Italy_India,0.0,0.0009,0.0008,0.00035,0.000252,0.0,0.0,0.00045,0.000275,0.000303,0.000502,0.0004,0.0004,0.000175,0.000225
Italy_Spain,2.5e-05,1.4e-05,0.000103,0.0,0.0,0.0,0.0,0.0,0.0,0.0,0.003144,4.1e-05,0.000242,0.0,0.0
Japan_Brazil,0.0,0.0,0.0,0.0,2.1000000000000002e-05,0.0,0.0,0.0,0.0,0.0,0.0,0.0,0.0,0.0,0.0
Japan_China,0.0,5e-07,0.0,0.002,2.075e-06,2e-05,0.0,0.0,4.2000000000000004e-05,0.0,0.0,0.0,0.0,0.0,0.0
Japan_Germany,0.0,0.000102,0.0,6.1e-05,4.9e-05,0.0,0.0,0.0,0.0,2e-05,4.1e-05,0.0,4.1e-05,8.2e-05,0.0
Japan_India,0.0,2e-05,0.0,0.0,0.0,0.0,0.0,0.0,0.0005,0.0,0.0,0.0,0.0,0.0,0.0
Kazakhstan_Germany,0.0,0.0,0.0,0.0,2.7e-05,0.0,0.0,4e-05,0.000124,0.0,0.0,8.1e-05,0.0,0.0,0.0
Kazakhstan_Russia,3e-06,0.0,0.0,2e-06,4e-06,0.0,0.0,0.0,0.0,8.3e-05,2e-06,0.0,0.0,0.0,2e-06
Kenya_India,0.0,0.0,0.0,0.0,5.0000000000000004e-08,0.0,0.0,0.0,0.0,0.0,0.0,0.0,0.0,0.0,0.0
"Korea, South_Australia",0.04361,0.043411,0.0,0.0,0.0495,0.0495,0.0,0.042125,0.0,0.040233,0.045,0.0495,0.0495,0.0,0.0495
"Korea, South_China",5.9999999999999995e-05,0.00011999999999999999,0.000301,0.0002202,0.00046,0.0005600000000000001,0.00023999999999999998,0.00026074999999999997,0.0005409000000000001,0.0004359,0.00049545,0.00031,0.00011999999999999999,0.00028000000000000003,0.00035
"Korea, South_India",0.0,0.0,0.0,0.0,0.0001106,0.0,0.0,4.4e-05,0.0,0.0,0.0,0.0001,0.000374,0.0,0.0
"Korea, South_United States",0.0,0.0,0.0,0.0,0.0,0.0,0.0,0.0,0.0,0.0,0.0,0.000219,0.0,0.0,0.0
Kuwait_India,0.000162,0.05028,0.0,0.0536,0.0,0.0,0.0,0.0,0.00022,0.097021,0.09722,0.0001,0.0,0.0,0.0
Latvia_Germany,0.0,0.0,0.0,0.0,0.0,0.0,0.0,0.0,0.00201,0.0,0.0,0.0,0.0,0.0,0.0
Latvia_Greece,0.0,0.0,0.0,0.0,0.0,0.0,0.0,0.0,0.00201,0.0,0.0,0.0,0.0,0.0,0.0
Lebanon_Spain,0.0,0.0,0.0,0.0,0.0,0.0,0.0,0.0,0.0,0.0,0.0,0.0,0.0,0.0,0.0
Luxembourg_Brazil,0.0,0.0,0.0,0.0,0.0,0.0,3e-09,0.0,0.0,0.0,0.0,0.0,0.0,0.0,0.0
Luxembourg_France,0.0,0.0,4e-06,0.0,2.3e-05,1.6e-05,0.0,0.0,0.00024,1e-05,5e-06,2.3e-05,5e-06,3.3e-05,0.000263
Luxembourg_Germany,0.0,0.0,0.0,9.8e-05,0.0,0.0,0.0,0.0,0.0,0.0,0.0,0.0,0.0,0.0,0.0
Macedonia_Germany,0.0,0.0,0.0,0.0,0.0,0.0,0.0,0.0,0.0,0.0,2.4e-05,0.0,0.0,0.0,0.0
Malaysia_China,0.0,0.0,0.0,0.0,0.0,0.0,0.0,0.0,0.0,0.0,0.0,0.0,0.0,0.0,0.0
Malaysia_Germany,0.0,4e-05,0.0,0.0,0.0,0.0,0.0,0.0,0.0,4e-05,0.0,0.0,0.0,0.0,4e-05
Malaysia_India,0.0,0.0,0.0,0.0,1.4999999999999999e-05,0.0,0.0,0.0,2.5e-05,0.0,0.0,0.0,0.0,0.0,5e-05
Malaysia_Singapore,0.0,0.0,0.0,0.0,0.0,0.0,0.0,0.0,0.0,0.0,0.0,0.0,0.0,0.0,0.0
Malaysia_Taiwan,0.0,0.0,0.0,0.0,0.0,0.0,0.0,0.0,0.0,0.0,0.0,0.0,0.0,0.0,0.0
Malaysia_Thailand,0.0,0.0,0.0,0.0,0.0,0.0,0.0,0.0,0.0,0.0,0.0,0.0,0.0,0.0,0.0
Mexico_Brazil,0.0,0.0,5e-05,0.0,0.0,0.0,0.0,0.0,0.0,0.0,0.0,0.0,0.0,0.0,0.0
Mexico_India,0.0,0.0,0.0,0.0002001,0.0,0.0,0.0,0.0,0.0,0.0,0.0,0.0,0.0,0.0,0.0
Mexico_Spain,0.0,9e-06,0.0,0.0,0.0,6e-05,0.0,0.0,0.0,2.1e-05,0.0,0.0,0.0,0.0,1.5e-05
Mexico_United States,0.000159,0.00016,0.000216,0.0010789999999999999,0.001145,0.000909,2.8e-05,0.0007830000000000001,0.00025,0.000318,0.00021799999999999999,0.000341,0.001024,4.8e-05,0.000205
Moldova_Turkey,0.0,0.0,0.0,0.0,0.0,0.0,0.0,0.0,0.0,0.0,0.0,0.0,0.0,0.0,0.00215
Morocco_Spain,0.0,0.0,4e-06,0.0,0.0,0.0,0.0,0.0,0.0,0.0,0.0,0.0,0.0,0.0,0.0
Nepal_India,0.017304005,0.004295,0.00382924,0.008657,0.012129000000000001,0.0,0.0,0.016551999999999997,0.0150831,0.017846050000000002,0.012488,0.015858375,0.0114305,0.01556655,0.0065190000000000005
Netherlands_Australia,0.0,0.0,0.0,0.0,0.0,2e-06,0.0,0.0,0.0,0.0,0.0,0.0,0.0,0.0,0.0
Netherlands_Brazil,0.0,0.0,0.0,0.0,0.0,0.0,2.5e-05,0.0,0.0,0.0,0.0,0.0,0.0,0.0,7.3e-07
Netherlands_France,2e-06,7e-06,1e-06,0.0,0.000753,6e-06,0.0,0.0,0.002298,0.000238,0.000813,0.000798,0.001175,1e-05,1e-06
Netherlands_Germany,5.5e-05,2e-05,7.2e-05,1.6e-05,5.2e-05,0.0,0.0,3.2e-05,5e-05,3e-05,0.000173,4.3e-05,0.000123,3.2e-05,2.3e-05
Netherlands_Spain,0.0,0.0,0.0,0.0,0.0,0.0,0.0,0.0,0.0,0.0,0.0,0.0,0.0,0.0,0.0
Netherlands_Turkey,0.013800000000000002,0.0,0.0,0.0,0.0,0.0,0.0,0.0,0.0111,0.0,0.0,0.022,0.0,0.0,0.0
Netherlands_United States,0.0,2.1e-05,0.0,0.0,1.6e-05,0.0,0.0,1.9e-05,4.3e-05,0.0,2.3e-05,1.9e-05,1.9e-05,0.0,2.6e-05
New Zealand_Australia,0.0,0.0,0.0,0.0,0.0,0.0,0.0,0.0,0.0,0.0,0.0,0.0,1.4e-05,0.0,0.0
New Zealand_India,2e-05,2.4e-05,0.0,2.4e-05,0.0,0.0,0.0,0.0,0.0,0.0,0.0,0.0,2.5e-05,0.0,0.0
Nicaragua_United States,0.0,1e-06,0.0,0.0,0.0,0.0,0.0,0.0,0.0,0.0,0.0,0.0,0.0,0.0,0.0
Nigeria_India,0.0,0.0,0.0,5e-05,0.0,0.0,0.0,2.5e-05,0.0,0.0,0.0,0.0,7.5e-05,0.0,0.0
Norway_Greece,0.0,0.0,2e-06,0.0,0.0,1.6e-05,0.0,0.0,0.0,0.0,0.0,0.0,0.0,0.0,0.0
Norway_Spain,0.0,0.0,0.0,0.0,0.0,0.0,0.0,0.0,0.0,0.0,0.0,0.0,0.0,0.0,0.0
Oman_Brazil,0.0,0.0,0.0,0.0,0.00040419,0.000997002,0.0,0.0,0.0,0.0,0.0,0.0,0.0,0.0,0.000296406
Oman_India,0.0,0.0,0.0005,0.0,0.0,0.0,0.0,0.0,0.0,0.0,0.0165,0.0,0.0,0.0,0.0
Papua New Guinea_Australia,0.0,0.0,0.0,0.0,0.0,0.0,0.0,0.0,0.0,0.0,0.0,0.0,0.0,2e-06,0.0
Peru_Brazil,0.0,0.0,0.0,0.0,2.75e-05,0.0,0.0,0.0,0.0,0.0,0.0,0.0,0.0,0.0,0.0
Peru_Turkey,0.0,0.0,0.0,0.0396,0.0,0.035,0.0,0.0,0.0,0.0,0.0,0.0,0.0,0.0,0.0
Peru_United States,0.00014,0.0,0.0,0.0,0.0,0.0,4.2e-05,0.0,0.0,0.0,0.0,0.0,0.0,0.0,0.0
Philippines_Germany,0.0,0.0,0.0,0.0,0.0,0.0,0.0,0.0,0.0,0.0,0.0,0.0,0.0,0.0,0.0
Philippines_Greece,0.0,0.0,0.0,0.0,0.0,0.0,0.0,0.0,0.0,0.0,0.0,0.0,0.0,0.0,0.0
Philippines_Malaysia,0.0,0.0,0.0,0.0,0.0,0.0,0.0,0.0,0.0,0.0,0.0,0.0,0.0,0.0,0.0
Poland_Canada,7.71e-07,0.0,0.0,3.265e-06,0.0,0.0,0.0,0.0,0.0,0.0,0.0,0.0,0.0,0.0,0.0
Poland_China,0.0,0.0,0.0,0.0,0.0,0.0,0.0,0.0,0.00011999999999999999,0.0,0.0,0.0,0.0,0.0,0.0
Poland_France,7.2e-05,3e-06,0.0,0.006653,0.000612,1e-06,0.0,0.0,0.0,0.000479,0.00048,0.000548,0.000929,0.00066,8.4e-05
Poland_Germany,0.00026,0.000178,0.00012,0.000334,0.000621,0.0,0.0,0.000351,0.000163,4e-05,0.000137,0.000456,0.00024,0.0001,0.000391
Poland_Montenegro,0.00426807,0.00142692,0.0,0.0,0.00142807,0.00141635,0.0,0.0,0.0,0.0014111199999999999,0.0021249899999999998,0.00210718,0.0028212899999999997,0.00141287,0.0
Poland_Spain,0.0,0.0,8e-06,0.0,0.0,0.0,0.0,0.0,0.0,0.0,0.0,0.0,0.0,0.0,4.8e-05
Poland_Turkey,0.0045,0.0,0.0,0.0006291,0.00034314,0.0,0.0,0.0,0.000603722,0.000313709,0.000287063,0.000291619,0.00029509,0.00029271200000000004,0.000606972
Poland_Ukraine,0.0,0.0,0.0,0.0,0.0,0.0,0.0,0.0,0.0,2.2e-05,0.0,0.0,0.0,0.0,0.0
Portugal_Brazil,0.0,0.0,0.0,0.0,0.0,0.0,0.0,0.0,0.0,0.0,0.0,0.0,0.0,0.0,3e-06
Portugal_Spain,0.0,3.6e-05,0.0,0.0,1e-05,0.0,0.0,0.0,0.0,0.0,0.0,0.0,2.8e-05,0.0,1.6e-05
Qatar_Brazil,0.0,0.0,0.0,0.0,3.5999999999999994e-05,0.0,0.0,0.0,0.0,0.0,0.0,0.0,0.0,0.0,0.0
Qatar_India,0.0,0.0,4.4e-06,0.0,0.0003,0.0,0.0,0.052022,0.0,0.052417,3e-06,0.0,1.46e-07,0.0,7.5e-05
Romania_China,0.0,0.0,0.0,0.0,0.0,0.0,2.4e-05,0.0,0.0,0.0,0.0,0.0,0.0,0.0,0.0
Romania_Germany,2.4e-05,0.000117,4.8e-05,0.0,5.4e-05,0.0,0.0,2.5e-05,2.5e-05,7.5e-05,5.4e-05,4.8e-05,0.0,0.0,4.7e-05
Romania_Greece,0.0,0.0,0.0,0.0,0.0,0.0,0.0,0.0,0.0,0.0,0.001605,0.0,0.0,0.0,0.0
Romania_Turkey,0.0,0.0,0.0,0.0,0.0035,0.0,0.0,0.0,0.0,0.0,2.2476e-05,2.2973000000000002e-05,0.0,0.0,0.0
Russia_Brazil,0.0,0.0,0.0,0.0,0.0,0.0,0.0,0.0,0.0,0.0,0.0,0.0,0.0,2.4e-05,0.0
Russia_China,0.0008399999999999999,0.00119875,0.0006587499999999999,0.00035875,0.00035999999999999997,0.00017999999999999998,0.00089625,0.00059875,0.00089875,0.00074,0.00198,0.00066,0.00023999999999999998,0.0011975,0.000624
Russia_Czech Republic,0.0,0.0,0.0,0.0,0.0,0.0,0.0,0.0,0.0,0.0,0.0,0.0,0.0,0.0,0.0
Russia_Germany,0.0,1.7e-05,0.0,0.0,0.0,0.0,0.0,0.0,0.0,0.0,0.0,0.0,0.0,0.0,0.0
Russia_Guyana,0.0,0.0,0.0,0.0,0.0,0.0,0.0,0.0,0.0,0.0,0.0,0.0,0.0,0.0,0.0
Russia_India,0.0,0.0,0.0,0.0,0.0,0.0,0.0,0.0,0.0,5.9999999999999995e-05,0.0,0.0,0.0,0.0,0.0
Russia_Indonesia,0.0,0.0,0.0,0.0,0.0,0.0,0.0,0.0,0.0,0.0,0.0,0.0,0.0,0.0,0.0
Russia_Italy,0.0,0.0,0.0,0.0,0.0,0.0,0.0,0.0,0.0,0.0,0.0,0.0,0.0,0.0,0.0
Russia_Latvia,0.0,0.0,0.0,0.0,0.0,0.0,0.0,0.0,0.0,0.0,0.0,0.0,0.0,0.0,0.0
Russia_Netherlands,0.0,0.0,0.0,0.0,0.0,0.0,0.0,0.0,0.0,0.0,0.0,0.0,0.0,0.0,0.0
Russia_Spain,2.7e-05,2.3e-05,1.6e-05,1.9e-05,2.7e-05,9e-06,0.0,5.7e-05,4.1e-05,1.9e-05,9.8e-05,0.0,5.2e-05,2.9e-05,1.6e-05
Russia_Turkey,0.0,0.0,0.0,0.0,0.0,0.0,0.0,0.0,0.0,0.0,0.00185,0.0,0.0,0.0,0.0
Russia_Ukraine,0.0,0.0,0.0,0.0,0.0,0.0,0.0,0.0,0.0,0.0,0.0,0.0,0.0,0.0,0.0
Russia_United Kingdom,0.0,0.0,0.0,0.0,0.0,0.0,0.0,0.0,0.0,0.0,0.0,0.0,0.0,0.0,0.0
Saudi Arabia_Brazil,0.0,0.0,0.0,0.0,0.006803446,0.0072484739999999995,0.00943107,0.0,0.0,0.0,0.0,0.0,0.0,0.0,0.00565866
Saudi Arabia_India,0.0002,0.0002,0.0,0.0001,0.0001,0.0,0.0,0.0001,0.000225,0.0001,0.0,0.0,7.5e-05,0.0,0.0
Saudi Arabia_United States,0.0,0.0,0.0,0.0,0.0,0.0,0.0,3.3e-05,0.0,0.0,0.0,0.0,0.0,0.0,0.0
Senegal_Australia,0.0,0.0,0.0,0.0,0.0,0.0,0.0,0.0,0.0,0.0,0.0,0.0,0.093162,0.0,0.0
Senegal_Ghana,0.0,0.0,0.0,0.0,0.0,0.001288,0.0,0.0,0.0,0.0,0.0,0.00019600000000000002,0.0,0.0005600000000000001,0.000448
Serbia_Germany,2.4e-05,0.0,2.4e-05,0.0,0.0,0.0,0.0,0.0,0.0,2.4e-05,0.0,0.0,0.0,0.0,0.0
Serbia_Greece,0.0,0.0,2.3e-05,0.0,0.0,0.0,0.0,0.0,0.0,0.0,0.0,0.0,0.0,0.0,0.0
Slovakia_Germany,0.000126,0.000125,5e-05,0.000185,6.9e-05,0.0,0.0,7.5e-05,5e-05,0.000141,0.000141,4.4e-05,9.7e-05,0.000122,0.000119
Slovenia_Brazil,0.0,0.0,0.0,0.0,0.0,0.00024466,0.0,0.0,0.0,0.0,0.0,0.0,0.0,0.0,0.0
Slovenia_Germany,0.0,0.0,0.0,0.0,0.0,0.0,0.0,0.0,0.0,0.0,2.7e-05,0.0,0.0,0.0,0.0
Slovenia_India,0.001474,0.000969,0.0002,0.000309,0.000433,0.0,0.0,0.001214,0.002235,0.001658,0.000647,0.001392,0.000634,0.000283,0.000968
Slovenia_Turkey,0.00024360999999999998,0.00029654000000000003,0.00029797,0.000297935,0.000187915,0.000349725,0.0,0.00029889,0.00021735,0.000320555,2.7e-05,0.000216755,0.00021349000000000002,0.00021493,0.0004322
South Africa_Brazil,0.0,0.0,0.0,0.0,1.1e-05,2e-06,2.2e-05,0.0,0.0,0.0,0.0,0.0,0.0,0.0,5.2e-05
South Africa_India,0.0,0.0,0.0,0.0,0.0,0.0,0.0,2.4e-05,2.5e-05,0.0,0.0,0.0,0.0,0.0,2.4e-05
South Africa_Spain,0.0,0.0,0.0,0.0,0.0,5e-05,0.0,0.0,0.0,0.0,0.0,0.0,0.0,0.0,0.0
Spain_Australia,0.0,0.0,0.0,0.0,0.0,0.0,0.0,0.0,0.0,0.0,0.0,0.0,0.0,0.0,0.0
Spain_Belgium,0.0,0.0,0.0,0.0,0.0,0.0,0.0,0.0,0.0,0.0,0.0,0.0,0.0,0.0,0.0
Spain_Brazil,0.0,0.0,0.111489,0.0,3e-06,0.0,6.399999999999999e-08,0.0,0.0,0.0,0.0,0.0,0.0,0.0,0.0
Spain_China,0.0,0.0,0.0,0.0,0.0,0.0,0.0,0.0,0.0,0.0,0.0,0.0,0.0,0.0,0.0
Spain_France,0.0,0.0,0.0,0.001274,0.000946,0.0,0.0,0.0,0.001774,0.000983,0.002227,0.00155,0.0,0.0,0.000256
Spain_Germany,0.0,0.0,0.0,0.0,0.0,0.0,0.0,0.0,0.000466,0.0,0.0,0.00025,0.0,0.0,0.000495
Spain_Ghana,0.0,0.0,0.0,0.0,0.0,5.6962999999999997e-05,0.0,0.0,0.0,0.0,0.0,0.0,5.6349999999999994e-05,0.0,0.0
Spain_Guinea,0.0,0.0,0.0,0.0,0.0,0.0,0.0,0.0,0.0,0.0,0.0,0.0,0.0,0.0,0.0
Spain_Guyana,0.0,0.0,0.0,0.0,0.0,0.0,0.0,0.0,0.0,0.0,0.0,0.0,0.0,0.0,0.0
Spain_India,0.00015,0.0,1.0000000000000001e-07,0.0002,0.00015,0.0,0.0,7.5e-05,0.000175,0.000325,0.0001,0.0,0.0,0.0,0.000125
Spain_Italy,0.0,0.0,0.0,0.0,0.0,0.0,0.0,0.0,0.0,0.0,0.0,0.0,0.0,0.0,0.0
Spain_Montenegro,0.0,0.0,0.0,0.0,0.0,1.9999999999999997e-09,0.0,0.0,0.0,0.0,0.0,0.0,0.0,0.0,0.0
Spain_Netherlands,0.0,0.0,0.0,0.0,0.0,0.0,0.0,0.0,0.0,0.0,0.0,0.0,0.0,0.0,0.0
Spain_Poland,0.0,0.0,0.0,0.0,0.0,0.0,0.0,0.0,0.0,0.0,0.0,0.0,0.0,0.0,0.0
Spain_Suriname,0.0,0.0,0.0,0.0,0.0,0.0,0.0,0.0,0.0,0.0,0.0,0.0,0.0,0.0,0.0
Spain_Turkey,0.00435,0.0,0.01093237,0.004,0.0,0.00537,0.0,0.0035,0.0043,0.0,0.00915,0.0040999999999999995,0.0,0.00495,0.00525
Spain_United Kingdom,0.0,0.0,0.0,0.0,0.0,0.0,0.0,0.0,0.0,0.0,0.0,0.0,0.0,0.0,0.0
Spain_United States,1.8e-05,0.0,1.8e-05,2e-05,1.8e-05,3.6e-05,0.0,0.0,0.0,1.9e-05,1.9e-05,0.0,0.0,3.6e-05,0.0
Sri Lanka_India,0.0,0.0,0.0,0.0,0.0,0.0,0.0,0.0,0.0,2.5e-05,0.0,0.0,0.0,0.0,5e-05
Sudan_India,0.0,2e-05,0.0,0.0,0.0,0.0,0.0,0.0,0.0,0.0,0.0,0.0,0.0,0.0,0.0
Sweden_Germany,2.4e-05,2.4e-05,2.4e-05,0.0,2.5e-05,0.0,0.0,9.8e-05,2.4e-05,0.000119,7.3e-05,4.7e-05,0.000119,7.2e-05,5.8e-05
Sweden_India,0.0,0.0,0.0,0.0,0.0,0.0,0.0,0.0,0.0,0.0,0.0,0.0,0.0,0.0,0.0
Switzerland_France,0.001091,0.000723,0.000547,0.000545,0.000518,0.000754,0.0,0.000543,0.000311,0.001045,0.001592,0.001435,0.000829,0.000911,0.000545
Switzerland_Germany,1.2e-05,2e-05,0.0,0.0,0.0,0.0,0.0,0.0,0.0,1.7e-05,1.1e-05,2.5e-05,1e-05,1e-05,1.8e-05
Switzerland_Spain,0.0,0.0,0.0,0.0,0.0,0.0,0.0,0.0,0.0,0.0,0.0,0.0,0.0,0.0,0.0
Taiwan_China,0.0,0.0,0.0,0.0,0.0,0.0,0.0,0.0,0.0,0.0,6e-06,0.0,0.0,0.0,0.0
Taiwan_Germany,0.0,4e-05,6e-05,6.3e-05,0.0,0.0,0.0,2e-05,0.000145,0.0,0.0,6.1e-05,0.0,0.000122,4e-05
Taiwan_India,0.0,0.0,0.0,0.0,0.0,0.0,0.0,0.0,0.0,0.0,0.0,0.000125,0.0,0.0,0.0
Taiwan_United States,0.0,0.0,0.0,0.0,0.0,0.0,0.0,0.0,0.0,0.0,0.0,0.0,0.0,0.0,2e-06
Tanzania_India,0.0,0.0,0.0,0.0,0.0,0.0,0.0,0.0,0.0,0.0,0.0,0.0,0.0,6e-07,0.0
Thailand_China,0.0,0.0,0.0,0.0,0.0,0.0,0.0,0.0,0.0,0.0,0.0,0.0,0.0,0.0,2.5e-05
Thailand_India,7.5e-05,0.0,0.0,0.0,0.0,0.0,0.0,0.0,0.0,0.0,0.0,0.0,2.5e-05,0.0,0.0
Turkey_Brazil,0.0,0.0,0.0,0.0,0.0,0.0,0.0,0.0,7.5e-05,0.0,0.0,0.0,0.0,0.0,0.0
Turkey_China,0.000156,0.0002,0.000156,0.001014,0.00078,0.00040500000000000003,0.0,0.0,0.000896,0.0,0.000432,0.0005909999999999999,0.0009310000000000001,0.00041099999999999996,0.000322
Turkey_Germany,0.0,0.0,0.0,0.0,0.0,0.0,0.0,0.0,0.0,0.0,0.0,0.0,0.0,0.0,0.0
Turkey_Guyana,0.0,0.0,0.0,0.0,0.0,0.0,0.0,0.0,0.0,0.0,0.0,0.0,0.0,0.0,0.0
Turkey_India,7.199999999999999e-05,2.4e-05,4.8e-05,7.199999999999999e-05,4.8e-05,0.0,0.0,0.0,2.4e-05,0.0,4.8e-05,2.4e-05,2.4e-05,2.4e-05,2.4e-05
Turkey_Montenegro,0.0,0.0,0.0,0.0,0.0,5e-09,0.0,0.0,0.0,0.0,0.0,0.0,0.0,0.0,0.0
Turkey_Netherlands,0.0,0.0,0.0,0.0,0.0,0.0,0.0,0.0,0.0,0.0,0.0,0.0,0.0,0.0,0.0
Turkey_Singapore,0.0,0.0,0.0,0.0,0.0,0.0,0.0,0.0,0.0,0.0,0.0,0.0,0.0,0.0,0.0
Turkey_Spain,0.0,0.0,0.0,0.0,0.0,2.4e-05,0.0,0.0,0.0,0.0,0.0,0.0,0.0,0.0,0.0
Turkey_United States,0.0,6.6e-05,0.0,0.0,0.0,0.0,0.0,0.0,0.0,0.0,0.0,0.0,0.0,0.0,2.4e-05
Ukraine_Brazil,0.0,0.0433,0.041671,0.0,0.0,0.0,0.0,0.0,0.0,0.0,0.0,0.0,0.0,0.0,0.0
Ukraine_China,0.00027,0.0,0.0,0.0,0.0,0.0,0.0,0.0,0.0,0.0,0.0,0.0,0.0,0.00027,0.0
Ukraine_France,1e-05,0.0,0.0,0.0,0.0,0.0,0.0,0.0,0.0,0.0,0.0,0.0,0.0,0.0,0.0
Ukraine_Germany,5.1e-05,0.0,1.7e-05,3e-06,0.0,0.0,0.0,4.2e-05,0.0,2.1e-05,2e-05,0.0,4.7e-05,0.0,0.0
Ukraine_Ghana,0.0,0.0,0.0,0.0,0.0,5.152e-05,0.0,0.0,0.0,0.0,4.045e-05,0.0,0.0,0.0,0.0
Ukraine_Greece,0.00628,0.003005,0.0,0.0,0.0031,0.0,0.0,0.0,0.0,0.0,0.003001,0.003,0.00593,0.0032,0.00325
Ukraine_Guinea,0.0,0.0,0.0,0.0,0.0,0.0,0.0,0.0,0.0,0.0,0.0,0.0,0.0,0.0,0.0
Ukraine_Guyana,0.0,0.0,0.0,0.0,0.0,0.0,0.0,0.0,0.0,0.0,0.0,0.0,0.0,0.0,0.0
Ukraine_Italy,0.0,0.0,0.0,0.0,0.0,0.0,0.0,0.0,0.0,0.0,0.0,0.0,0.0,0.0,0.0
Ukraine_Netherlands,0.0,0.0,0.0,0.0,0.0,0.0,0.0,0.0,0.0,0.0,0.0,0.0,0.0,0.0,0.0
Ukraine_Russia,3e-06,1e-05,6e-06,0.0,3.7e-06,6e-06,0.0,0.0,3e-06,3e-06,1.3e-05,2e-06,1e-06,3e-06,4e-06
Ukraine_Turkey,0.004,0.003,0.0,0.0,0.0029500000000000004,0.0029500000000000004,0.0,0.0,0.0,0.003,0.003,0.0029500000000000004,0.006,0.0029500000000000004,0.003
United Arab Emirates_Australia,0.0,0.0,0.0,0.0,0.0,0.069233,0.0,0.0,0.0,0.0,0.0,0.0795,0.0,0.0,0.0
United Arab Emirates_Brazil,0.0,0.0,0.0,0.0,0.0,0.0,0.0,0.0,0.0,0.0,0.0,0.0,2.0000000000000002e-07,0.0,0.0
United Arab Emirates_Germany,8e-06,0.0,0.0,0.0,0.0,0.0,0.0,0.0,0.0,0.0,0.0,0.0,0.0,0.0,0.0
United Arab Emirates_India,0.0,0.0,5e-07,0.0,2e-08,0.0,0.0,0.0,0.0,2.0000000000000002e-07,0.0,0.0,0.0,2.5e-07,0.0
United Kingdom_Australia,0.0,0.0,0.0,0.0,0.0,2e-06,0.0,0.0,0.0,0.0,0.0,0.0,0.0,0.0,0.0
United Kingdom_Brazil,0.0,0.0,0.0,0.0,2.6e-05,0.0,2.5e-05,0.0,0.0,0.0,0.0,0.0,0.0,0.0,0.0
United Kingdom_France,0.0,3e-06,6e-06,0.0,2.4e-05,1.4e-05,0.0,0.0,7e-06,2e-05,2e-05,2e-05,2e-05,2e-05,2e-05
United Kingdom_Germany,7.8e-05,7.2e-05,0.0,3.9e-05,0.0,0.0,0.0,9.5e-05,0.000119,1e-05,2.4e-05,0.0,0.0,0.0,0.0
United Kingdom_Greece,0.0,0.0,0.0,0.0,0.002005,0.0,0.0,0.0,0.0,0.0,0.0,0.0,0.0,0.00151,0.00201
United Kingdom_India,0.000725,0.000325,2.5e-05,0.0,0.0,0.0,0.0,0.0001,0.0007,0.00035,0.0,0.00025,0.00055,0.000175,0.000225
United Kingdom_Spain,0.0,0.0,0.0,0.0,0.0,0.0,0.0,0.0,0.0,0.0,0.0,0.0,0.0,1e-06,0.0
United Kingdom_Turkey,0.0055,0.0,0.0,0.0,0.0,0.0,0.0,0.0,0.0,0.0075,0.0,0.0,0.0,0.0,0.0063002710000000005
United Kingdom_United States,0.0,0.0,0.0,2.3e-05,0.0,4.3e-05,0.0,0.0,0.0,0.0,7.3e-05,0.0,5.8e-05,3e-05,4.6e-05
United States_Australia,0.043994,0.0,0.0,0.0932,0.04908,0.0,0.0,0.0,0.045757,0.0,0.0,0.0,0.043115,0.0,0.0
United States_Brazil,0.107181,0.049262,0.0,0.053914104000000004,0.058055699999999995,0.055859232,0.110201786,0.05366,0.04975,0.055,0.106392,0.058159999999999996,0.107814,0.04967,0.0060065480000000004
United States_Canada,0.0013009999999999999,0.00133,0.0,0.002109,0.0,0.0,0.0,0.000665,0.000514,0.001818,0.001053,0.021654,0.022656,0.0,0.00010499999999999999
United States_China,0.0,0.0,0.0,0.0,0.0,0.0,0.00850038,0.0,0.0,0.000228,0.0,0.0,0.0,0.0,0.0
United States_Ghana,0.0,0.0,0.0,1.05e-07,0.0,0.0,0.0,0.0,0.0,0.0,0.0,0.0,0.0,0.0,0.0
United States_Guinea,0.0,0.0,0.0,0.0,0.0,0.0,0.0,0.0,0.0,0.0,0.0,0.0,0.0,0.0,0.0
United States_Guyana,0.0,0.0,0.0,0.0,0.0,0.0,0.0,0.0,0.0,0.0,0.0,0.0,0.0,0.0,0.0
United States_India,0.0,0.0,0.0,0.0,0.0,0.0,0.0,1e-06,0.0,0.00025,0.0,0.0,0.0,1e-06,0.0
United States_Jamaica,0.0,0.0,0.0,0.0,0.0,0.0,0.0,0.0,0.0,0.0,0.0,0.0,0.0,0.0,0.0
United States_Netherlands,0.0,0.0,0.0,0.0,0.0,0.0,0.0,0.0,0.0,0.0,0.0,0.0,0.0,0.0,0.0
United States_Spain,5e-06,0.0,4e-06,0.0,0.0,0.0,0.0,0.0,0.0,0.0,0.0,0.0,0.0,0.0,0.0
United States_Turkey,0.05328009,0.044,0.0895,0.0,0.0,0.0074199999999999995,0.0,0.0,0.054411,0.044,0.0,0.021127,0.048979999999999996,0.0,0.0
United States_United Kingdom,0.0,0.0,0.0,0.0,0.0,0.0,0.0,0.0,0.0,0.0,0.0,0.0,0.0,0.0,0.0
Uruguay_Brazil,0.0006279,0.00021840000000000002,0.00043680000000000005,0.0004641,0.00019109999999999998,0.00021940000000000002,0.0003276,0.00019109999999999998,0.0006825,0.0006552,0.0006279,0.000273,0.0003549,0.0002457,0.0007371
Uzbekistan_Russia,0.0,0.0,0.0,0.0,0.0,0.0,0.0,0.0,1e-06,0.0,0.0,0.0,0.0,0.0,0.0
Venezuela_United States,6.3e-05,0.0,0.0,0.0,0.0,0.0,0.0,4.2e-05,0.0,0.0,0.0,0.0,0.0,0.0,0.0
Vietnam_China,0.0,0.0,0.0,0.0,0.0,0.0,1.6910000000000002e-05,0.0,0.0,0.0,0.0,0.0,0.0,0.0,0.0
Vietnam_India,0.0001,0.0,0.0,0.0,0.0,0.0,0.0,0.000325,0.0003,0.0,0.0,0.0,0.0,0.0,0.0
Vietnam_United States,0.0,0.0,2e-06,0.0,0.0,0.0,0.0,0.0,0.0,0.0,0.0,0.0,0.0,0.0,0.0
