Mine,Unloading rate Handysize,Unloading rate Supramax,Unloading rate Panamax,Unloading rate NeoPanamax,Unloading rate Suezmax,Unloading rate Capesize,Unloading rate VLOC,Currency,RMB Fixed fee,RMB per day berthed,RMB per day anchored,RMB/T_Cargo (wet),RMB/T_Cargo (wet)/day berthed,RMB/T_Cargo (wet)/day anchored,RMB/NRT,RMB/NRT/day berthed,RMB/NRT/day anchored,RMB/GRT,RMB/GRT/day berthed,RMB/GRT/day anchored,RMB/LOA,RMB/LOA/day berthed,RMB/LOA/day anchored
SMB Generic,42500,42500,42500,42500,42500,42500,42500,RMB,12342,,,2.64,,,4.53,0.367,0.05,,,,197,,
West Kalimantan Generic,42500,42500,42500,42500,42500,42500,42500,RMB,12342,,,2.64,,,4.53,0.367,0.05,,,,197,,
Weipa/Amrun Generic,42500,42500,42500,42500,42500,42500,42500,RMB,12342,,,2.64,,,4.53,0.367,0.05,,,,197,,
Gove,42500,42500,42500,42500,42500,42500,42500,RMB,12342,,,2.64,,,4.53,0.367,0.05,,,,197,,
Alufer Bel Air,42500,42500,42500,42500,42500,42500,42500,RMB,12342,,,2.64,,,4.53,0.367,0.05,,,,197,,
Central Kalimantan Generic,42500,42500,42500,42500,42500,42500,42500,RMB,12342,,,2.64,,,4.53,0.367,0.05,,,,197,,
CBG LT,42500,42500,42500,42500,42500,42500,42500,RMB,12342,,,2.64,,,4.53,0.367,0.05,,,,197,,
Huntly,42500,42500,42500,42500,42500,42500,42500,RMB,12342,,,2.64,,,4.53,0.367,0.05,,,,197,,
Turkey,42500,42500,42500,42500,42500,42500,42500,RMB,12342,,,2.64,,,4.53,0.367,0.05,,,,197,,
Bauxite Hills,42500,42500,42500,42500,42500,42500,42500,RMB,12342,,,2.64,,,4.53,0.367,0.05,,,,197,,
Chalco Boffa,42500,42500,42500,42500,42500,42500,42500,RMB,12342,,,2.64,,,4.53,0.367,0.05,,,,197,,
Rennell Island,42500,42500,42500,42500,42500,42500,42500,RMB,12342,,,2.64,,,4.53,0.367,0.05,,,,197,,
Discovery Bay,42500,42500,42500,42500,42500,42500,42500,RMB,12342,,,2.64,,,4.53,0.367,0.05,,,,197,,
MRN,30000,30000,30000,30000,30000,30000,30000,USD,0,0.0,0.0,2.0,0.0,0.0,0.0,0.0,0.0,0.0,0.0,0.0,0,0.0,0.0
