Mine,Unloading rate Handysize,Unloading rate Supramax,Unloading rate Panamax,Unloading rate NeoPanamax,Unloading rate Suezmax,Unloading rate Capesize,Unloading rate VLOC,Currency,RMB Fixed fee,RMB per day berthed,RMB per day anchored,RMB/T_Cargo (wet),RMB/T_Cargo (wet)/day berthed,RMB/T_Cargo (wet)/day anchored,RMB/NRT,RMB/NRT/day berthed,RMB/NRT/day anchored,RMB/GRT,RMB/GRT/day berthed,RMB/GRT/day anchored,RMB/LOA,RMB/LOA/day berthed,RMB/LOA/day anchored
SMB Generic,0,0,0,0,0,0,0,0,0,0,0,0,0,0,0,0,0,0,0,0,0,0,0
West Kalimantan Generic,0,0,0,0,0,0,0,0,0,0,0,0,0,0,0,0,0,0,0,0,0,0,0
Weipa/Amrun Generic,0,0,0,0,0,0,0,0,0,0,0,0,0,0,0,0,0,0,0,0,0,0,0
Gove,0,0,0,0,0,0,0,0,0,0,0,0,0,0,0,0,0,0,0,0,0,0,0
Alufer Bel Air,0,0,0,0,0,0,0,0,0,0,0,0,0,0,0,0,0,0,0,0,0,0,0
Central Kalimantan Generic,0,0,0,0,0,0,0,0,0,0,0,0,0,0,0,0,0,0,0,0,0,0,0
CBG LT,0,0,0,0,0,0,0,0,0,0,0,0,0,0,0,0,0,0,0,0,0,0,0
Huntly,0,0,0,0,0,0,0,0,0,0,0,0,0,0,0,0,0,0,0,0,0,0,0
Turkey,0,0,0,0,0,0,0,0,0,0,0,0,0,0,0,0,0,0,0,0,0,0,0
Bauxite Hills,0,0,0,0,0,0,0,0,0,0,0,0,0,0,0,0,0,0,0,0,0,0,0
Chalco Boffa,0,0,0,0,0,0,0,0,0,0,0,0,0,0,0,0,0,0,0,0,0,0,0
Rennell Island,0,0,0,0,0,0,0,0,0,0,0,0,0,0,0,0,0,0,0,0,0,0,0
Discovery Bay,0,0,0,0,0,0,0,0,0,0,0,0,0,0,0,0,0,0,0,0,0,0,0
MRN,42500,42500,42500,42500,42500,42500,42500,RMB,12342,,,2.64,,,4.53,0.367,0.05,,,,197,,
