Demand,2020,2021,2022,2023,2024,2025,2026,2027,2028,2029,2030,2031
aa_production_from_domestic_bauxite,0.0,0.0,0.0,0.0,0.0,0.0,0.0,0.0,0.0,0.0,0.0,0.0
alumina_net_imports(mt),3.0,3.0,3.0,2.5,2.5,2.5,2.5,2.5,2.5,2.5,2.5,2.5
demand_of_alumina_produced_by_imported_bauxite,0.0,0.0,0.0,0.0,0.0,0.0,0.0,0.0,0.0,0.0,0.0,0.0
total_aa_to_be_produced_in_ china,0.0,0.0,0.0,0.0,0.0,0.0,0.0,0.0,0.0,0.0,0.0,0.0
total_alumina_apparent_demand(mt),73.9,77.0,79.8,81.3,82.3,82.5,82.9,83.3,83.7,83.9,83.9,83.9
