Mine,Price,Total Alumina,LT Avail. Alumina,Total Silica,LT R.Silica,Quartz / HT Silica,Mono-hydrate / HT Alumina,Moisture,Processing,Processing Penalties
West Kalimantan Generic,36.123882661740396,0.48,0.44000000000000006,0.08,0.09,0.045,0.005,0.15000000000000002,LT,0.33
West Kalimantan Generic,36.123882661740396,0.48,0.44000000000000006,0.08,0.09,0.045,0.005,0.05,LT,0.33
West Kalimantan Generic,55.717216774099796,0.48,0.5,0.08,0.03,0.045,0.005,0.15000000000000002,LT,0.33
West Kalimantan Generic,55.717216774099796,0.48,0.5,0.08,0.03,0.045,0.005,0.05,LT,0.33
West Kalimantan Generic,22.9614756007022,0.48,0.33999999999999997,0.08,0.09,0.045,0.005,0.15000000000000002,LT,0.33
West Kalimantan Generic,22.9614756007022,0.48,0.33999999999999997,0.08,0.09,0.045,0.005,0.05,LT,0.33
West Kalimantan Generic,42.5548097130616,0.48,0.4,0.08,0.03,0.045,0.005,0.15000000000000002,LT,0.33
West Kalimantan Generic,42.5548097130616,0.48,0.4,0.08,0.03,0.045,0.005,0.05,LT,0.33
