{"Trade Data Term Sheet": {"Bigmatrix Rst": {"db_type": "multiple year single output", "config": {"label": "Year"}}, "Big Matrix Wtoak": {"db_type": "multiple year single output", "config": {"label": "Year"}}, "Big Matrix Artoat": {"db_type": "multiple year single output", "config": {"label": "Year"}}, "Bigmatrix Avtoax": {"db_type": "multiple year single output", "config": {"label": "Year"}}, "Bigmatrix Bbtobp": {"db_type": "multiple year single output", "config": {"label": "Year"}}, "Bigmatrix Bstoch": {"db_type": "multiple year single output", "config": {"label": "Year"}}}}