Mine,HT Alumina Dissolution,DSP Al2O3:SiO2 (wt/wt),DSP NaOH:SiO2 (wt/wt),Lime rate (wt/wt_AA),Lig Coal (GJ/t),Quartz Attack,Extraction Efficiency %,Caustic wash loss (t.NaOH/t.aa)
SMB Generic,0,1.0,0.9,0.036,12.15,0.0,0.92,0.035
West Kalimantan Generic,0,1.0,0.9,0.036,12.15,0.0,0.92,0.035
Weipa/Amrun Generic,0,1.0,0.9,0.036,12.15,0.0,0.92,0.035
Gove,0,1.0,0.9,0.036,12.15,0.0,0.92,0.035
Alufer Bel Air,0,1.0,0.9,0.036,12.15,0.0,0.92,0.035
Central Kalimantan Generic,0,1.0,0.9,0.036,12.15,0.0,0.92,0.035
CBG LT,0,1.0,0.9,0.036,12.15,0.0,0.92,0.035
Huntly,0,1.0,0.9,0.036,12.15,0.0,0.92,0.035
Turkey,0,1.0,0.9,0.036,12.15,0.0,0.92,0.035
Bauxite Hills,0,1.0,0.9,0.036,12.15,0.0,0.92,0.035
Chalco Boffa,0,1.0,0.9,0.036,12.15,0.0,0.92,0.035
Rennell Island,0,1.0,0.9,0.036,12.15,0.0,0.92,0.035
Discovery Bay,0,1.0,0.9,0.036,12.15,0.0,0.92,0.035
MRN,0,1.0,0.9,0.036,12.15,0.0,0.92,0.035
