index,CBIX Co-Efficients Determination,Date,CM Data Source,Mine,Price,Price Type,Price Basis,Total Alumina,LT Avail. Alumina,Total Silica,LT R.Silica,Quartz / HT Silica,Mono-hydrate / HT Extble Alumina,Moisture,Tonnage,Exporting Port,Importing Port,Final Specs Price Type,Final Specs Price Basis,Old CBIX type Calc
0,39.428177076421676,2020-04-13,somebody,West Kalimantan Generic,36.123882661740396,CIF,dmt,,0.44000000000000006,,0.09,,,0.15000000000000002,50000,,Qingdao,CIF,dmt,CBIX
1,39.428177076421676,2020-04-13,somebody,West Kalimantan Generic,36.123882661740396,CIF,dmt,,0.44000000000000006,,0.09,,,0.05,50000,,Qingdao,CIF,dmt,CBIX
2,61.31348106799638,2020-04-13,somebody,West Kalimantan Generic,55.717216774099796,CIF,dmt,,0.5,,0.03,,,0.15000000000000002,50000,,Qingdao,CIF,dmt,CBIX
3,61.31348106799638,2020-04-13,somebody,West Kalimantan Generic,55.717216774099796,CIF,dmt,,0.5,,0.03,,,0.05,50000,,Qingdao,CIF,dmt,CBIX
4,24.933577951516824,2020-04-13,somebody,West Kalimantan Generic,22.9614756007022,CIF,dmt,,0.33999999999999997,,0.09,,,0.15000000000000002,50000,,Qingdao,CIF,dmt,CBIX
5,24.933577951516824,2020-04-13,somebody,West Kalimantan Generic,22.9614756007022,CIF,dmt,,0.33999999999999997,,0.09,,,0.05,50000,,Qingdao,CIF,dmt,CBIX
6,46.81888194309153,2020-04-13,somebody,West Kalimantan Generic,42.5548097130616,CIF,dmt,,0.4,,0.03,,,0.15000000000000002,50000,,Qingdao,CIF,dmt,CBIX
7,46.81888194309153,2020-04-13,somebody,West Kalimantan Generic,42.5548097130616,CIF,dmt,,0.4,,0.03,,,0.05,50000,,Qingdao,CIF,dmt,CBIX
