index,Freights US$/wmt,Date,CM Data Source,Mine,Price,Price Type,Price Basis,Total Alumina,LT Avail. Alumina,Total Silica,LT R.Silica,Quartz / HT Silica,Mono-hydrate / HT Extble Alumina,Moisture,Tonnage,Exporting Port,Importing Port,Final Specs Price Type,Final Specs Price Basis,Old CBIX type Calc
0,4.341508532748368,2020-04-13,somebody,West Kalimantan Generic,45,CIF,dmt,,,,,,,,77000,,Qingdao,CIF,dmt,CBIX
1,3.865219283479335,2020-04-13,somebody,West Kalimantan Generic,45,CIF,dmt,,,,,,,,153000,,Qingdao,CIF,dmt,CBIX
2,4.999025176923103,2020-04-13,somebody,Weipa/Amrun Generic,45,CFR,dmt,,,,,,,,78000,,Qingdao,CIF,dmt,CBIX
3,5.604078537689127,2020-04-13,somebody,Malaysia Kuantan washed,45,CFR,dmt,,,,,,,,47000,,Qingdao,CIF,dmt,CBIX
4,4.416219782352239,2020-04-13,somebody,Malaysia Kuantan washed,45,CFR,dmt,,,,,,,,75000,,Qingdao,CIF,dmt,CBIX
5,6.009295709931308,2020-04-13,somebody,India Gujarat,45,CFR,dmt,,,,,,,,151000,,Qingdao,CIF,dmt,CBIX
6,7.415235694054829,2020-04-13,somebody,India Gujarat,45,CFR,dmt,,,,,,,,76000,,Qingdao,CIF,dmt,CBIX
7,9.753553617982924,2020-04-13,somebody,India Gujarat,45,CFR,dmt,,,,,,,,47000,,Qingdao,CIF,dmt,CBIX
8,11.048839334555828,2020-04-13,somebody,SMB Generic,45,CFR,dmt,,,,,,,,151000,,Qingdao,CIF,dmt,CBIX
