Mine,RMB per US$,AU$ per US$,US$ per US$,IMF Special Drawing Rights to US Dollar
West Kalimantan Generic,7.08342,0.61160022139928,1,1.35
West Kalimantan Generic,7.08342,0.61160022139928,1,1.35
Weipa/Amrun Generic,7.08342,0.61160022139928,1,1.35
Malaysia Kuantan washed,7.08342,0.61160022139928,1,1.35
Malaysia Kuantan washed,7.08342,0.61160022139928,1,1.35
India Gujarat,7.08342,0.61160022139928,1,1.35
India Gujarat,7.08342,0.61160022139928,1,1.35
India Gujarat,7.08342,0.61160022139928,1,1.35
SMB Generic,7.08342,0.61160022139928,1,1.35
